Denoised_Gyro_x,Denoised_Gyro_y,Denoised_Gyro_z
0.004790812017029463,0.001590496559031348,-0.001890705524911762
0.007006119104708719,0.0025420184448761212,-0.002916474075220404
0.008322389177717264,0.004316481061710173,-0.003265680335230459
0.008750359811804324,0.0064564945057325,-0.0029603326312621072
0.008723099898354512,0.008540253461061598,-0.00213520524008212
0.00826000197832891,0.010512219256937277,-0.0007635500105817078
0.007569187450340484,0.012461537808670932,0.0009344556955526316
0.00683527278983727,0.014215227667966365,0.00248021602466477
0.00622514314294377,0.015619414868514462,0.0034230768032569524
0.005701833141139416,0.016819407497972564,0.0038455398602912005
0.0056519289147992004,0.01787042863496417,0.0037142684376020568
0.005992571470888938,0.018713022104721463,0.0031531859643958962
0.006603134989850752,0.019225784563950712,0.0023068955822517154
0.007282554560501568,0.01938254670489023,0.0015793182822097982
0.007948596811343042,0.019273852064037273,0.0011283227419507775
0.008524456794954755,0.019020893001122984,0.0008443459174828148
0.00903316083937899,0.018726787437517226,0.0009136801300814733
0.009615545238325397,0.018387016949946704,0.0015554185595185507
0.010442215322432882,0.01793739607289677,0.0026222262131610293
0.011474667969596845,0.0174715720387078,0.003925118305255635
0.012590876930008871,0.016915998727011522,0.00525756635216087
0.01372056640802378,0.016263986527141068,0.006472437924256488
0.014729752238368123,0.015420133544781275,0.007333902182049622
0.015453022534985502,0.014494685271521764,0.00778442807342902
0.015869971209652594,0.013551308331134788,0.007804221009304214
0.015789249752434783,0.01275196033444812,0.007584120260366423
0.015276853589557552,0.012150843425042007,0.007111201764824179
0.014287690291958505,0.011709174031387165,0.006511826207084533
0.013031420922734575,0.01130614215701764,0.005985996630103945
0.011632438947164408,0.010747429120960343,0.005516598675620554
0.010164081148146136,0.010118766918279655,0.0050924528659244414
0.008700660151695227,0.009690453709423109,0.004706008082444553
0.007283316545096121,0.009417647651850285,0.004351952661025315
0.006091111202374664,0.009302344227417336,0.004026376426762582
0.005090805741577402,0.009372501813613082,0.0038838319655691844
0.004037655336121838,0.009480593415599826,0.003878711376640511
0.002986330940505454,0.009448991360840776,0.00395009268032997
0.0021562346914502165,0.009151631789647258,0.0038727813479687893
0.0016311978802829958,0.008841482091639616,0.0037151483589382
0.001291193981072287,0.008533410529927347,0.0035175578871345647
0.0010640592226923969,0.008487725439252716,0.0033036187652708817
0.0009063584325903744,0.008715225095753159,0.003086931755098099
0.0007919037327404635,0.00896170999724126,0.002875134568304868
0.0007048650068984093,0.009116902893412562,0.0026723257851738176
0.000635635486182123,0.00940586202250903,0.0024805163409310806
0.0005783504570802377,0.010044205678333078,0.002300497764795328
0.00037182955974193516,0.010763217642158355,0.0021323606670289592
0.00012002499484962693,0.011411215218590742,0.002133371887437426
-2.34273100115921e-05,0.012252679390730992,0.002322869963450426
-0.00010243313685772458,0.01317671286378656,0.0025799629355166037
-0.00014329413720429158,0.014024717042990992,0.0028985111011515644
-0.0001617525800133493,0.014773856065758576,0.0032732835492788664
2.186402567818204e-05,0.015351342979423279,0.0036997091740937705
0.0005013947103356955,0.01613149924097239,0.004079177806259122
0.0011626438810551445,0.0171272077938403,0.004389807536337985
0.0017161898126611867,0.018087133943088356,0.004716020609220883
0.0021619925572678458,0.018872700179183972,0.005072745407056135
0.0024717067285140253,0.0196326740803697,0.005120722037693391
0.001625176649268458,0.02019835677762509,0.004712119998709521
-0.0035257738253122416,0.020198152500511282,0.00324259509896497
-0.030517155042733134,0.025209367101713235,-0.0008527463272124947
-0.08097618863807146,0.041270594594863125,-0.007010488498654572
-0.15750704828425305,0.0770189919089311,-0.01321782549101093
-0.2499438306896039,0.12119702659366324,-0.019899179131428385
-0.34929979327055855,0.16540977652018832,-0.026740581818228824
-0.44908511149067576,0.20552787640406703,-0.02839461813122585
-0.5440112157901573,0.24334909630043045,-0.02361964981890647
-0.624319240904488,0.27918393217789883,-0.01308222503374031
-0.6893690887948714,0.3103959669490491,-0.0010419156426952902
-0.7403914470616044,0.3316551081567572,0.007474598410561846
-0.779872044981405,0.3428473815650428,0.012110940395127459
-0.808525245046128,0.34625595190301506,0.014139100412865296
-0.8214591209763763,0.3382430671357545,0.012168563676613375
-0.8210853061405535,0.32103356176303327,0.00841293726205978
-0.8041900808409054,0.29525346053179474,0.0054784957137729694
-0.7733848834799378,0.2603068434809227,-0.0013877564863602953
-0.7350389369941341,0.21975813708306302,-0.01266168277429168
-0.6932608143117115,0.1742724192463381,-0.028130494750364627
-0.6498675526417821,0.12581501808531265,-0.04528276870714322
-0.6051916785014589,0.07392712136701554,-0.06283092016197186
-0.5624497165194049,0.02252066738818844,-0.08174960535704265
-0.5234029576150533,-0.02378713086143626,-0.10064892199199557
-0.4871872703344694,-0.05514478722362223,-0.11207634134839635
-0.4508121730528188,-0.07729936602089565,-0.11491734376300211
-0.40461645651409966,-0.09633198847533536,-0.10805065353302025
-0.3356449145318342,-0.1022888426177882,-0.09738047834570922
-0.24953857391726134,-0.10026890639047085,-0.08563793232637301
-0.1525230025324601,-0.0917025781803875,-0.07163043989258965
-0.05417857228691726,-0.07864987729382528,-0.05693693943134993
0.037926725761190216,-0.063743251267752,-0.04377854900534005
0.11860699674349807,-0.04954009031701304,-0.029625212317997772
0.18651688498162208,-0.03684164446835084,-0.014455824864503652
0.24141314396586222,-0.02734057693314841,0.0014591421800312226
0.28934450235125764,-0.020180883095839736,0.017474636857937154
0.33810060113845347,-0.014754622277834575,0.029069499017218062
0.38653294018281137,-0.00982183430666315,0.02856845953356548
0.4322797686864893,-0.0052147390194640705,0.016918561713470802
0.4734781894430884,-0.0013031813702074823,-0.007544989074234603
0.5111502302162191,0.0026733654885899728,-0.04155453369586851
0.5471656533963266,0.008837250287690657,-0.08127869268431542
0.5806584739524168,0.015277529230465107,-0.1182744345053578
0.6107180462321399,0.02076676301479246,-0.1520915581898115
0.6352698721815783,0.02985092528042678,-0.18840409305047134
0.6560031536614485,0.042711755489103734,-0.22776944198116028
0.6787910462772128,0.05218478854821893,-0.26987115635934
0.7061424294921536,0.050608253876844735,-0.3107652951913299
0.7350302002177684,0.04089107142697219,-0.34889519310429423
0.7592206042206677,0.02536315001764359,-0.38328876673198814
0.7766814363603167,0.0073818322541122534,-0.4122875502827922
0.7820394876401205,-0.010138028710151757,-0.42775568140499676
0.775913791817198,-0.02820629111250385,-0.42692877465733725
0.7626439132211641,-0.04812410306445224,-0.4165373882028161
0.7443796841283891,-0.0728285747423558,-0.39937508948396233
0.723377301399055,-0.10122564995975798,-0.3751775594973317
0.7004986447128754,-0.13477258870750716,-0.33921619619343324
0.675395736385282,-0.17169996951814293,-0.29400229828096125
0.6484768427063279,-0.20755266985977555,-0.24382071759369456
0.6210940284944019,-0.23544389912275296,-0.19047432961567967
0.5961866574539024,-0.2559745501812654,-0.13584633736843987
0.5807033223345478,-0.2702951883727204,-0.08193486198254649
0.5629413467071918,-0.28512199284899026,-0.028253123376689122
0.5365609471460475,-0.30269022263113,0.0263585103978113
0.49785386865885395,-0.31577793407997784,0.09256963385190613
0.4482447392444507,-0.322018075956119,0.16925219104840306
0.3873667444055641,-0.32032983944209287,0.2465510081890595
0.31783936000192897,-0.3142237011748444,0.31745982118867694
0.242949727952525,-0.3061274921544746,0.38208844755727367
0.1674876282359927,-0.2945182308683109,0.43557865392354744
0.09403658835708043,-0.280008891429029,0.47575020323709055
0.025800211762594533,-0.2584564264263848,0.49813059919921976
-0.03386280051558388,-0.22395443861640071,0.5068124550145501
-0.08551472990733289,-0.17987611737567355,0.5044751928822616
-0.12916946057689602,-0.1282530650077264,0.48464565435480433
-0.16746655672545613,-0.07349424266471996,0.45004396065579366
-0.2030711137456121,-0.018268101439192587,0.4020200338779593
-0.23889862998670855,0.037189523111925686,0.34512479973783655
-0.27631019298521287,0.09324496895315051,0.28511165209469236
-0.3181580215592074,0.15140763834048387,0.2297758558070665
-0.36205072456088516,0.20832543932195968,0.18179716061254114
-0.4041095554202804,0.2555865157656888,0.1420368528997431
-0.4411623911171894,0.2878264195551468,0.10713752856166524
-0.47260353049431525,0.30833959141609285,0.07631896382247627
-0.4954263994522696,0.32169865285185617,0.050224360719637894
-0.5107999223027323,0.33068743119967975,0.028535453354679264
-0.516852432528596,0.33238098835165897,0.013875729038096906
-0.5121267771462021,0.32325888994503305,0.007494603670481926
-0.49978813444147435,0.3053411019252482,0.006217014369277826
-0.48090655950353156,0.2785607094135441,0.006205493856437436
-0.45705814585765736,0.24364719238646632,0.004723276853421745
-0.4266814996859358,0.19147743724328586,-0.0021961644148947744
-0.39017391594987316,0.11818709374609086,-0.011868506183051557
-0.3503011979845466,0.03221293555337164,-0.02240573073122546
-0.30926687080865695,-0.058955572341544776,-0.035159830471541774
-0.2686762214994527,-0.15008970563705987,-0.05009148829687349
-0.23029036357848276,-0.22738176738567306,-0.06900519878644812
-0.19518002083650313,-0.27118546483335065,-0.09259650916987291
-0.16280312337547742,-0.291241846484117,-0.11900192515621229
-0.13170609979129477,-0.2962186745707814,-0.14461321194151086
-0.10183131386182276,-0.2886679618903694,-0.16656683133220282
-0.07263784622611529,-0.2691810056575352,-0.18057544634660744
-0.045947925904722416,-0.24600305412845264,-0.18587895622630693
-0.02156532434854963,-0.22732233489495837,-0.18284856900544566
0.003964724776322863,-0.21036979455764201,-0.18268346347212824
0.029061146969824984,-0.19021537305887537,-0.18619504859763666
0.05125116883984521,-0.15829026095476972,-0.18713889898723735
0.0712323862430371,-0.11847042593497127,-0.18287808614393938
0.0922624941021144,-0.07424604240042357,-0.17235380842106976
0.11448163963614179,-0.024188599103923986,-0.15610869714148193
0.13764885356062892,0.028793301181841514,-0.13744986299891085
0.16264213455388823,0.0808226488972183,-0.1242422356372579
0.18888677256181866,0.12945851656679758,-0.11766869805186245
0.21883113018937125,0.1726259001119636,-0.11995475671755557
0.2566566896562477,0.20990114199610493,-0.1332720338606093
0.3014594330316616,0.24046701479158322,-0.15367879860685865
0.35675332801433957,0.2619882562597565,-0.17499352257457723
0.4198311243990745,0.2774690136333786,-0.19665422933173152
0.48788676175610945,0.29020683625494226,-0.22571264744854086
0.5515245051718178,0.29912120903194783,-0.2604786953012541
0.6064114011734788,0.30385109102471175,-0.29483370721395535
0.6469012495315468,0.3040046681144824,-0.3232475034468719
0.6752310903590077,0.3006027464654434,-0.3450610149939557
0.6928778089554046,0.29088276310344086,-0.35830724243191064
0.7023963984565442,0.27368605854431527,-0.36555052481952555
0.7043125645532909,0.2529391875687371,-0.36672309733944897
0.6938492058289957,0.23177967022085205,-0.3566727800438363
0.6736034483629028,0.2113956301375106,-0.33687167929747613
0.6438267418030094,0.19141576708158828,-0.3051805022853144
0.6066427540305103,0.16790321220338444,-0.25994342764578016
0.5647742744134423,0.14261998787592636,-0.2062195483192828
0.517729823492625,0.11672352988024445,-0.14395106344762068
0.46715437935493065,0.09018174730070264,-0.07543878336901073
0.41195500618519804,0.06252321525119509,-0.005013631333378635
0.3529219579551475,0.03247913646286146,0.06347496365453054
0.2930028465402244,-0.0008999065215177515,0.12895410954872216
0.23638264399900896,-0.0396498357222287,0.1797925177584915
0.18547784170668508,-0.07784123853388852,0.21528739971324645
0.1407054278384453,-0.10545245306553727,0.2447046391464025
0.1004452579998282,-0.11889914513286595,0.2816917745337722
0.0628442375682918,-0.1213679235057904,0.32541342409137053
0.0233275744981929,-0.117632949277121,0.3724328405520704
-0.018604317741498858,-0.10936436044135521,0.4178752316064279
-0.06199147552356069,-0.09302330941975234,0.4510429629865909
-0.10234977241132193,-0.06590579217008322,0.4639925694111705
-0.1388847945239124,-0.030830858682257815,0.45959039578895966
-0.17148898948754207,0.010431156861202003,0.4346484546790062
-0.20097533013048496,0.0540033020519701,0.39679609007333
-0.23040890841599512,0.09615054782535463,0.36054962256772516
-0.26139965638975926,0.13443029460843914,0.3278758845784451
-0.2927160110732749,0.16876600687672408,0.29525536390198753
-0.3242943694593564,0.19932649397408322,0.26066807887555277
-0.3557134724409655,0.22675852606782324,0.2254450417072106
-0.38872935275436715,0.2544133337744625,0.18873736795597562
-0.42625570844921545,0.28720303012260573,0.15040101832210517
-0.4669100313087877,0.3235763540899706,0.11232652885629237
-0.5090437578028193,0.35711347054808407,0.0773212589525378
-0.5498693748124452,0.3824407984830641,0.04634982372615676
-0.5848831268046619,0.39423185805555927,0.024051528196021972
-0.611250688564495,0.39790114304069063,0.013755497511288552
-0.630615673575353,0.39682340537276267,0.011976766060988043
-0.6418926468541408,0.38995733974821,0.016463908606502112
-0.6454743889095841,0.37762063280517116,0.02439392789805196
-0.6388447069611498,0.3574416060688494,0.03198505125286616
-0.6231139846881462,0.3283348226313204,0.03588568162520995
-0.6013115593995189,0.29390080860874496,0.03699016147577358
-0.5739766974242954,0.2516651925399438,0.03638238941425393
-0.542707323174507,0.20013762706253765,0.033675312204613575
-0.5076568542377076,0.13176921949490988,0.024839873296356896
-0.4702200111897731,0.048537087393254755,0.009331728481440133
-0.4323453192567538,-0.04099262804200328,-0.009487455828872414
-0.39607371994160245,-0.1322839255319147,-0.030250711166889384
-0.36167229824875996,-0.2237414432959311,-0.052361602272344016
-0.32803654314610264,-0.3016163287831686,-0.07535431333361231
-0.29645246876054093,-0.34553097167887087,-0.0993536107070876
-0.2671326163295433,-0.3654328462817725,-0.12433597815805816
-0.24104191852745316,-0.37071102152395097,-0.1511416226217631
-0.21871539459401174,-0.3655653033571097,-0.1782610239229326
-0.19450879935771043,-0.3549066840114061,-0.20415292789063072
-0.1629784378631564,-0.3440849366568293,-0.22553932357821535
-0.1294157722883551,-0.3282932552246766,-0.24309594768407022
-0.0958754153148895,-0.2936317990543713,-0.2596436453990803
-0.05993716838037501,-0.24642468144748214,-0.27482565707439977
-0.019854713094452053,-0.19285746519042243,-0.2828117539548587
0.02399042340350995,-0.13362430237912978,-0.27723540017127335
0.06969916818518662,-0.071799723990803,-0.2612953175075202
0.1151843215389335,-0.010240086063346372,-0.24104627000129486
0.15963954365872465,0.04745864146278815,-0.22064156038084445
0.20378183661212207,0.09730151459172245,-0.20031339734758868
0.2522416516869882,0.1416820393048043,-0.17936916992605523
0.30478507397157556,0.18111483155502076,-0.15734777756250107
0.3626108500111555,0.21486630864504025,-0.134119478814786
0.4229826542598814,0.24443039089856497,-0.11311443363984666
0.4817207196382264,0.2711077207112737,-0.10234922192031601
0.5328956345376497,0.2900339340423144,-0.10118441547336582
0.5744770329783531,0.30125709475240087,-0.10318195910879546
0.6042658737248607,0.30789975145978715,-0.10498647736697679
0.6280705050962102,0.31000458123453173,-0.10795389302480916
0.6514065613424794,0.3014269348767353,-0.11220433750359679
0.6708289773630183,0.2877355404103264,-0.11978343547597844
0.6855795772538723,0.2716084657210707,-0.1317606457841292
0.6934846530565628,0.24880720816153468,-0.14683513925669747
0.6956191417763204,0.21997928207474235,-0.16041084211475015
0.6909233443911067,0.18651376466594466,-0.16638608140789046
0.6774350849851472,0.15092692714963385,-0.16317162304831417
0.6563099354276879,0.11556196396587202,-0.15188989230991698
0.6254537686830346,0.08174565588517752,-0.1308192549014658
0.5871426449162983,0.048562083234761536,-0.1026020038857269
0.5415382837526446,0.012804979227996532,-0.0674051187677728
0.49203483921418445,-0.02549754237263885,-0.027229788183531035
0.4393729553807207,-0.06767260253592827,0.01808285704641075
0.38550727679387903,-0.11078180882745434,0.06676721849863179
0.33332418112719053,-0.15048631919103309,0.11585169835436077
0.2805643105656269,-0.18394063703547087,0.15885189048085663
0.22621008106682586,-0.21097796768356747,0.1939525379404039
0.17049968090222173,-0.2238802725726588,0.22353040289802853
0.11329046529347146,-0.2210786083292765,0.2579563658126207
0.05574508533424174,-0.20613704325724777,0.2985943976248543
-0.000629687246781134,-0.1810800585552438,0.3461444002304097
-0.05449564835488799,-0.15019969983859593,0.3956853365921503
-0.10382851844561392,-0.11435125427066994,0.43566341153136257
-0.14751182226496773,-0.0751024283914106,0.45253700404676395
-0.18534466938038655,-0.03342490363082591,0.44936208746892586
-0.21782988275630022,0.011582208797577674,0.42928104855329485
-0.24660269449551364,0.05751611519298697,0.4009376372063276
-0.2721458092325788,0.10339258597109635,0.3715532743733526
-0.29589451101275105,0.14636600380107273,0.33811181653708355
-0.3192666000207919,0.18506741364412121,0.2995303909761227
-0.34564505367959714,0.22113173438093606,0.25217669646545904
-0.37474046819902435,0.25784588459609337,0.19993340023734266
-0.4078872850682593,0.29830883553932347,0.14623692533429491
-0.44359551116135915,0.3321561185614831,0.09568666661566314
-0.47831433676184604,0.35565311371607583,0.05128053324331372
-0.5069489264136854,0.3675041285661618,0.018819543700166377
-0.5294329660837138,0.3731011592332458,-0.0031129354794778366
-0.5449663319969217,0.37398638433718917,-0.015206051603354644
-0.553877557833313,0.36891866586779015,-0.017535284673660893
-0.556639805828445,0.3587713285216119,-0.011188024580470758
-0.5514605687736936,0.3405244075808153,0.005086082862926104
-0.5404468671160235,0.31478829617074566,0.026803141752870775
-0.5242172789086694,0.2789094926401094,0.0491993877205843
-0.5028917631408827,0.23574785165818754,0.06724452095331006
-0.47712905801990596,0.1866982382488195,0.07849323634372715
-0.4448424195143588,0.12439036048170475,0.07970831828560809
-0.4076813096746363,0.0495024162830434,0.07625832086900891
-0.3664543730601123,-0.04112397530083656,0.07287125595481479
-0.3240947998035967,-0.14115120301541456,0.06300158255551298
-0.28191910737302633,-0.2436284599323365,0.04610393361745095
-0.2399914974508805,-0.3325202034989996,0.020318658882268973
-0.1990020801611491,-0.39610526920563677,-0.0125401307149106
-0.1604724924679878,-0.42521748761669065,-0.05305136653311704
-0.1256164800849451,-0.43122679869590835,-0.09365226865395497
-0.09351845493434105,-0.42072458109910404,-0.13070568168897045
-0.060184587517525714,-0.40173800543503163,-0.1656363630024993
-0.025701556630531357,-0.38156218320616075,-0.19977144546696954
0.006161352740228138,-0.36075583396020816,-0.23261127303448587
0.036854082704825056,-0.33432223383879073,-0.26319178624008077
0.06567267687099582,-0.30274026435895174,-0.2891849669227623
0.09013859688320658,-0.2628043646727762,-0.30533647230269967
0.10953943387431506,-0.21673108363637275,-0.31276863925582005
0.12429115955433628,-0.16769840089097438,-0.3095900112578076
0.13989927674666425,-0.1167087098258926,-0.30023217508372163
0.15668701041382552,-0.0634944903709623,-0.28888438900599384
0.17476749432219502,-0.007846930843398173,-0.27720824227123325
0.19419681653433868,0.047000503858590816,-0.2653802797279932
0.21811756361212847,0.09867629158145796,-0.2555514704044619
0.25075833576358186,0.14535801538825677,-0.25125269450857135
0.29228791852446023,0.18690587054689606,-0.25207593526705485
0.34657062136161776,0.2220391196891857,-0.25694953280885713
0.40986085103469694,0.25152821648817186,-0.26541026275184265
0.47839277803662006,0.2780482470290669,-0.28412209181604703
0.541599350205792,0.29895052987957466,-0.31185133870388565
0.596509083566936,0.31333953419305116,-0.34263489673523534
0.6383132831290803,0.3212257257680005,-0.37439289995583536
0.6674385776400996,0.3234062391308567,-0.40713847598137687
0.6834890028594575,0.31601796310792496,-0.44132237942539077
0.6920836032859312,0.2981748948683316,-0.4754191983831667
0.6963759189415809,0.2748311002063495,-0.5065986588581702
0.694904950610583,0.24931153438170783,-0.5299397096326747
0.6871241955266288,0.22192071509572545,-0.5453354504270861
0.6703957775694533,0.19215842391299182,-0.5496213159884747
0.6433300143941313,0.15906064401667086,-0.5395718349593576
0.609242570936358,0.12458559337592102,-0.5175696150219422
0.5695847369664818,0.0900510886325965,-0.480407715035924
0.5263677238056631,0.05530866319922816,-0.43198459008400814
0.4783562526296239,0.017823922630735164,-0.3747996181715165
0.4263925985042706,-0.023068205622039872,-0.31138324639764253
0.37418159885946145,-0.06757329769956352,-0.2433888967806716
0.3266881772101214,-0.12133952778613163,-0.17432880953946284
0.27972410881504545,-0.18174730387829224,-0.11135412265990725
0.22707063433567615,-0.23825770492487003,-0.05523236953073837
0.17350869386521073,-0.2689643912888917,0.009632810327986102
0.11951543752127881,-0.2767363760314376,0.08376915227819101
0.060200492241019775,-0.26630483655173026,0.15484196339970674
-0.004190845092543485,-0.24480809278240126,0.21517512786035292
-0.07403375756253898,-0.20910250434693894,0.2566621488217712
-0.1435767444757436,-0.1618645061415501,0.2803364288858342
-0.20919206422495595,-0.10889329567863285,0.29164846216662393
-0.2686023494700634,-0.05799248832556755,0.2913138536479599
-0.32085213252723865,-0.01318421639799612,0.2814616605660573
-0.36247124155907384,0.022027677376925688,0.259585860571386
-0.3948718165103856,0.048942971258337256,0.22373629697655978
-0.42078161932555413,0.07108208351763716,0.17680433050778882
-0.441876836138321,0.09240163385271008,0.11832948155400794
-0.459703999940867,0.1148089819673936,0.05454288672568555
-0.47720447102925356,0.1451616395799503,-0.004570494012472136
-0.49517122192688584,0.18341017154923067,-0.055460883030275895
-0.5124868370377811,0.22954541054123456,-0.09851100048346174
-0.528675836098061,0.27538727956024683,-0.1366237097292077
-0.5439170895540126,0.3182905803139704,-0.16821754722338195
-0.5592834491256538,0.3524923044345945,-0.18435033517076205
-0.5749260762242873,0.3747331598767169,-0.1855539751447194
-0.5893766030131884,0.3815711642451927,-0.1723139524404395
-0.600121279049064,0.37842009925838704,-0.14539072484156682
-0.6071337929441267,0.36713393197243105,-0.10734522571381054
-0.6089028457768422,0.3424287463494878,-0.05766063112248511
-0.6060991428903398,0.3080374738950061,-0.002129945155967629
-0.5976865543343669,0.263516171626287,0.051726938211684025
-0.5820264811629886,0.20831940188360232,0.09763873453206787
-0.5612278745572963,0.14636794404169784,0.13711506179970523
-0.5370557830968906,0.07581730096682264,0.17238272236020413
-0.510905868181504,-0.0017706481844565886,0.201620634132666
-0.4823830685091928,-0.08957410843661436,0.21384818771774133
-0.45140118785625766,-0.18363598337974654,0.2041302465804683
-0.418709969368791,-0.2794610417189327,0.17737081690887863
-0.3827596990281633,-0.3734281370335025,0.13430952766184479
-0.3452754694034776,-0.45595413518474476,0.08293060651364592
-0.30918346828000565,-0.5051937976131005,0.030216746570917705
-0.27647788482817237,-0.5302907684750517,-0.021488745213157405
-0.24781972674111016,-0.5441305784904588,-0.07289918972226295
-0.21813057685454793,-0.5505184459762615,-0.121142210981919
-0.18194082473489567,-0.54753480344882,-0.16402246049737673
-0.13999670471748082,-0.5200834765375207,-0.20467036078221232
-0.10331423227172629,-0.46450406768017943,-0.24281132098755218
-0.07045219130993412,-0.39632960603083794,-0.2747744604839611
-0.034603682190041854,-0.323901142407621,-0.28991092698113896
0.004269067531921834,-0.24826017271766862,-0.2901138466046574
0.0449314845747814,-0.17171917244784965,-0.2760263474357577
0.08588833861938935,-0.09996996306411422,-0.2563073221642682
0.12617413277186149,-0.03363788709807328,-0.23565063463297886
0.16694254973221515,0.03235281978972486,-0.21300477918713345
0.20919842776127479,0.10095832534376847,-0.187875974551837
0.25622919331044214,0.17399570418304255,-0.16163909262607878
0.30776604161338983,0.24024200695831083,-0.13597318267807293
0.36217110846488665,0.2986422178682787,-0.11106937280533724
0.41885917003186623,0.3501976137431875,-0.09347158476069198
0.47365584273117595,0.3933036488188056,-0.08685126981073857
0.5169867501454067,0.42274958550415814,-0.09717750281065103
0.543052705893687,0.44269431476816173,-0.11926030603906097
0.5577462628934999,0.4550680038194635,-0.14775667073422966
0.5726824477538709,0.4518076528663392,-0.17909852110568214
0.5908721886873044,0.4346950697190269,-0.2104944232277925
0.6119381128420761,0.40872294319014835,-0.24256634838524915
0.6266039946281895,0.3833562577932321,-0.2790748241013722
0.6316073828795432,0.3565875193664839,-0.3175973586482931
0.6209784149695194,0.3175106533394835,-0.3510244450843269
0.598607168662813,0.26871899891021767,-0.37580916255856683
0.5686728368598996,0.21550208632182766,-0.38850356966320276
0.5306014088430048,0.16310416763310004,-0.3919619810054676
0.4859851531594478,0.11375281723459069,-0.38744493826574206
0.43470499101565896,0.06698822442190083,-0.3711303803011405
0.3793816745149581,0.020682048908879883,-0.34515187857718893
0.31995226158108586,-0.027685325923564756,-0.30868047704175783
0.2597177657379972,-0.07753038477384111,-0.2639298614800382
0.2019226127663463,-0.12706706498300901,-0.21297383882286952
0.15138545385363358,-0.1726965592292058,-0.1542490756089327
0.10694445183698331,-0.21228302372590066,-0.09392401013626953
0.06169145462643069,-0.2424237282100423,-0.03944382699396468
0.01370328026344008,-0.25586693628759355,0.015312512397542707
-0.034761655743414256,-0.25396277388651534,0.07304427020266252
-0.08183574040370445,-0.238388515880455,0.13563570591162571
-0.12731038843498235,-0.2149242500257266,0.19891607636777686
-0.17010863850534183,-0.18468291677863777,0.25717582784718696
-0.20854539745063763,-0.1495549921813432,0.2992609776140461
-0.24238085521204727,-0.11152333376552113,0.3253780999479493
-0.269979319939565,-0.06840360458218628,0.3367765935301723
-0.29228694344719913,-0.023292696896320582,0.33817900571497184
-0.31014363075795714,0.020580219850799712,0.3315912059874799
-0.32354905894291985,0.06205649532108428,0.3176078967038028
-0.333328159222062,0.10094153692088592,0.29680999225019605
-0.3431979975908679,0.13903175630444786,0.2639865438098438
-0.3554731323025123,0.17870383167368437,0.2224285675128677
-0.37344816752551563,0.22617900714290626,0.17589336322483135
-0.39664181297097356,0.28102704600732636,0.12967263051716535
-0.4211026090361588,0.33503823046053105,0.08698065459530027
-0.4418874969976769,0.3694950181351646,0.0544463878302348
-0.458596521929933,0.38541801779655777,0.03441201896507401
-0.4689537268234716,0.39041489636200405,0.032189081070062936
-0.4721663424698722,0.38578997339324156,0.03942346448644581
-0.46923451779973163,0.3711031962867316,0.051823998897946796
-0.4586583956875581,0.3460613793303034,0.07432234593284218
-0.442950896825585,0.3141172004913866,0.10753164173690935
-0.42318739983735953,0.2722565703825567,0.15333466925275555
-0.40144055920258326,0.21922461351949327,0.2039273694621997
-0.378826094394826,0.15922442851798496,0.25429638243635305
-0.3530903139989341,0.09177221242796457,0.2986691999499985
-0.32430256797552043,0.018048874264369547,0.33549741965941504
-0.2924026782552053,-0.06712290466525375,0.3623479071849561
-0.2595922965751055,-0.16609145926264998,0.38490823986032197
-0.22753126053868644,-0.2731350648661534,0.40608721002109266
-0.19475603197076263,-0.3837642511042953,0.4229408004517216
-0.16069523927496915,-0.4871850191333547,0.4318815479686833
-0.12566826611863366,-0.5538210514986281,0.42406006070750496
-0.09192955507726516,-0.5811240837562941,0.39921593829448404
-0.06003169960071013,-0.585230174396151,0.36801354730916547
-0.030038117675250716,-0.5811799719747355,0.3392132484023792
-0.0004465118522737205,-0.5738527039302745,0.3095750271131165
0.03397007049617156,-0.5566021224625164,0.2726910924537618
0.07184446470544661,-0.5283300355523061,0.23054175805890953
0.10843852525781897,-0.4846243840204637,0.18592733883250934
0.13847907407418622,-0.42869067733253474,0.14088631335737944
0.16477689386681893,-0.3698570507234292,0.09640628839299177
0.19073768632247387,-0.31389614107289865,0.05528833241893845
0.21558491718365577,-0.25958117053131596,0.018831543947262955
0.23904618708309008,-0.20507884551206104,-0.010867690738688998
0.25930945865370986,-0.14896649091170644,-0.033853197581386815
0.2758093450653425,-0.09043834231970277,-0.05252257430331504
0.29206178080770967,-0.024296676526529545,-0.069942889147304
0.3111304624199499,0.045534462673490234,-0.0873194054499482
0.340653241294291,0.10775278562353816,-0.1069932673755309
0.38257864596797386,0.15892000473442303,-0.13435694833872736
0.4334621757693803,0.20416552291458437,-0.1693739848015429
0.49134545639061433,0.24667206611106368,-0.20968607269009756
0.5499855287538612,0.2855788311317332,-0.2512420633016771
0.601353537756912,0.31723674579101657,-0.29090350713610347
0.639250285993718,0.3375010909055184,-0.33048085535716576
0.6645066992648031,0.3477154536320595,-0.3705412613745269
0.6796289530834396,0.3475688179673784,-0.40880140069310716
0.6893663507880741,0.3386133121596093,-0.44366784399662046
0.6941219378334444,0.3230750962737337,-0.47114140989771464
0.6902964377649137,0.30487549109315126,-0.48266429839933506
0.6790435155883962,0.28321509581527554,-0.4795006819930577
0.6586714597745743,0.25311974899373774,-0.45850194831340635
0.631378163402332,0.21642455525347168,-0.4230794238393219
0.5977073048512828,0.17475417740799418,-0.3693788174054417
0.5582443345289362,0.12900100529020198,-0.2965563289456808
0.5149356620200128,0.08038049355326625,-0.21139028948905544
0.467337845600048,0.026753577132424468,-0.1171297519792112
0.4171593190085332,-0.030398828376021668,-0.019536236295191606
0.365866868592297,-0.09361605962526434,0.07922505581408454
0.31846820406159365,-0.15867747205492416,0.1720550547986751
0.2730292225577078,-0.21754259467009882,0.25048974395965556
0.22378483213716763,-0.2530071650218482,0.3113559158971154
0.17419957783951365,-0.26238241247313926,0.36283341526384066
0.1257041743009942,-0.2367535034978423,0.4062468173977949
0.07215973578492067,-0.18254053495037895,0.4327700754200919
0.01411827123984457,-0.1120982691143662,0.44083597266849744
-0.04586895211399311,-0.032424721518287375,0.41981537900195987
-0.10377427106409104,0.050333418489796417,0.37730122318323445
-0.15675984950066352,0.12617800379407945,0.31915690283438586
-0.2017560080198917,0.18430710027846878,0.2534832550754859
-0.23968890732905235,0.22428612003439796,0.18355428972960938
-0.2741815192632192,0.24297608131566648,0.10709216502531323
-0.30763219886249654,0.2473939557041571,0.028161538993757895
-0.3409000644645567,0.24523283302624935,-0.047849414071392524
-0.37478297707908503,0.2450269364978856,-0.11286533587720017
-0.4083824274585403,0.24912781981379528,-0.1665384375121285
-0.4405143130071613,0.26095190305618854,-0.2099252717415965
-0.47210839429284496,0.2781978684360308,-0.2442955998259311
-0.50694306276195,0.2996471884157202,-0.26450822268050994
-0.5476518391619561,0.3239311556789957,-0.2646910275164916
-0.5923095237452716,0.3505520519542664,-0.24709082447675554
-0.6370193999953966,0.3803616723536447,-0.20976387636637095
-0.6790792436119047,0.407373074555543,-0.16021889376942872
-0.7154905358067438,0.41658828265892206,-0.10094099311469136
-0.7430213651683497,0.4077019182606405,-0.03410328923184826
-0.7625971719356327,0.3894944882977148,0.03659403022226189
-0.7732344254942437,0.36400044743045523,0.11137595501217337
-0.7770464193496192,0.3302338612013029,0.18633883816671962
-0.7747160696881189,0.2859695936005496,0.2545499606634131
-0.766584083050311,0.2346311401863701,0.30655904444032717
-0.7542720937374139,0.17823547295171815,0.3426691553071856
-0.7370085515681664,0.11550033216420984,0.3594857198360542
-0.716244673201157,0.04974570784680522,0.35862486170531416
-0.692165565913499,-0.01873317068613052,0.3313920447191627
-0.6653819197127157,-0.09372535835687955,0.2791580118318665
-0.6368803554875531,-0.174149317419725,0.21224848204007463
-0.6062199420120823,-0.2594324019585885,0.13825292487613872
-0.5750474258671416,-0.34492125482273245,0.06380370175848178
-0.5436626011837442,-0.42635423594513444,-0.004249564610443846
-0.5137194574124888,-0.5020510016188986,-0.0657572448506043
-0.4824701592799388,-0.5702078916433742,-0.12180695804355454
-0.44196643438680305,-0.6227034098313914,-0.1682799682311776
-0.39364432328790966,-0.6531256342451532,-0.20260431668769602
-0.33613814279094134,-0.6376092578137169,-0.2161160195235662
-0.27346755503585624,-0.5796341354519756,-0.20934487185601228
-0.2085229591774336,-0.49821075479366644,-0.18816499024197514
-0.13843957928725964,-0.4053831928631457,-0.15330431402753733
-0.0657486875352387,-0.3088424107254626,-0.10995278649633833
0.005103888374597104,-0.21574452765296054,-0.06266339267204518
0.0691184408266848,-0.13122395247504787,-0.017076095921447043
0.12557901384063752,-0.05406612805763386,0.024765993495463053
0.17308248924897393,0.02097064250627627,0.05963270566054814
0.21420289495445896,0.09597897857410909,0.08804738493617556
0.2555384888400833,0.16821464968629057,0.10885313808704307
0.3020093203177658,0.23008994895440293,0.12175858475608209
0.3518479316826309,0.28299036680153844,0.126110967490908
0.4020502950281175,0.3252727582371484,0.11455275459835297
0.4482579928163941,0.35876519269491186,0.08989616207830341
0.4842601604740809,0.3862562558677611,0.05128675803873396
0.5116038927542235,0.40884267476647834,0.003768217652423328
0.5332013992064755,0.4211023284180412,-0.05110612278447699
0.5562926723029451,0.41487671300172196,-0.11184576077321556
0.5823347967933705,0.3932395527739716,-0.17335214073921743
0.6082052556702088,0.3605293615185664,-0.2296500381726097
0.6292750599932715,0.3236442372032052,-0.2805992691743167
0.6374736357031373,0.2832313330445218,-0.32750936690074084
0.6328895735753075,0.23439733668406165,-0.36946272558186183
0.6193540864571438,0.17927396999263243,-0.40455214827725494
0.5958573203870888,0.11869608728892855,-0.42394832648501757
0.5646857972094886,0.056314349016947284,-0.4287254506652309
0.5238706282589696,-0.005285368579408721,-0.4171715301072528
0.4761330306801954,-0.06799849060737857,-0.38834630048967866
0.4256164025364193,-0.13218332464612698,-0.34677677084305725
0.3740432474200853,-0.19660875860919075,-0.29453609384493334
0.3233472534262673,-0.2562978252833642,-0.23602283957309977
0.2762785069319363,-0.3006527051012144,-0.1727950533489838
0.2354550169194837,-0.3298489438275036,-0.10778029708656908
0.20170517781037706,-0.35142898073034046,-0.04417064363544122
0.17020606675299793,-0.3699663591898393,0.012835552429249435
0.13695095862627474,-0.3843420311194875,0.06527276809205901
0.0991355131020875,-0.3789624629801568,0.12029967412365916
0.05874020443569639,-0.34518190754394906,0.1773418747597138
0.017508989435152993,-0.2936287741697333,0.23078930074948661
-0.024951069058097068,-0.23464199167698838,0.27145486658965934
-0.06756134498543721,-0.1740597546531068,0.2978903064452086
-0.10968661098595081,-0.1128724070310996,0.3065294894892903
-0.14941262474947126,-0.05193170774432201,0.3025675002640148
-0.18565237252616884,0.007287987466697517,0.2915642770084161
-0.2160143435686708,0.06631901246851866,0.27448531526176395
-0.24104564674640133,0.12497834062954752,0.2521414819982011
-0.26111355592101776,0.18355345622585018,0.22082181078104907
-0.27909019045411804,0.24271079276266067,0.18021148796795305
-0.2969167983372202,0.30192098557204144,0.13557896324012308
-0.318481061328226,0.36479605847925034,0.09192424576994032
-0.3418615055746573,0.4310913346199408,0.051618133177977796
-0.362029119257958,0.49581103376915314,0.018084596788528702
-0.3805393554952666,0.5456376530728693,-0.00019917597198796863
-0.39780125575004377,0.5788129909171196,-0.0018427275367263543
-0.411368866431071,0.5942230234915143,0.014694254681860398
-0.42049687254178025,0.5975103695921705,0.04207136104406213
-0.42194037055414685,0.5864964831567197,0.08112066288087193
-0.4151010257867383,0.559291510197494,0.13586650365087738
-0.40272791429683463,0.5210604165287798,0.20076876313437655
-0.3855983426159624,0.4731714765158177,0.27112512470311545
-0.3652934533073503,0.4189083360019553,0.3424283071162252
-0.34209242744095236,0.35769996148200545,0.4090892822471471
-0.3145974223557409,0.2880166430716642,0.4663440706725648
-0.28436493075890884,0.21291504509599418,0.5162048241436642
-0.2534122390177609,0.13207939823105225,0.5616156063966957
-0.22341717438455222,0.04717428670021634,0.6005622188534105
-0.19499992778242342,-0.043370606018033525,0.6249634223097544
-0.16559060055516142,-0.13868503227912213,0.6294995934941288
-0.13457862164293655,-0.23527651965869756,0.6179486492829446
-0.1013255757489683,-0.3306626777204277,0.5934216346204332
-0.06756000742735643,-0.42104196048901743,0.5626952587485281
-0.03580161170509126,-0.4908051418904948,0.5280163774828586
-0.007548418639867219,-0.533497690856415,0.48851287467095383
0.018109799020290192,-0.5594448809578224,0.4453242263049738
0.04456030565711268,-0.5768014453385885,0.39506433868476604
0.07397668072392138,-0.5867913488594783,0.3407568869644128
0.1093380078373386,-0.5814574048572818,0.28555671482394895
0.14544247473974856,-0.5551937984526092,0.23212541512444423
0.17859019954232944,-0.5135417891757545,0.17987246738119794
0.20593076550852296,-0.45701036938917095,0.12692223975493394
0.23030683732414953,-0.39316139850561954,0.07543619253344469
0.2545515387758869,-0.3275788031119585,0.029660176867710483
0.27579936630828816,-0.2561996199027128,-0.00938197795133397
0.2941542369706217,-0.18081436720555377,-0.04355832286946002
0.3131315132880953,-0.09894389435159143,-0.07515377771773284
0.3346658376636308,-0.012144557527910854,-0.10434822262903468
0.3650506400679795,0.07082064479915515,-0.13342410976775593
0.4055665121599077,0.1414150421694692,-0.16226643841911972
0.4524651243604446,0.20436958393220603,-0.1910388279885435
0.5031598299845415,0.26575332565497317,-0.2225759424924874
0.5531388401427398,0.32179952521112637,-0.25443159404454674
0.5946538958765528,0.3601739921963162,-0.2801005640507753
0.619869195465043,0.37996771261447193,-0.2997444255772213
0.6310906510056621,0.3878437344438885,-0.3177911642377872
0.6364110440200555,0.3872580741344231,-0.3347313093053884
0.6411000811633035,0.37704095041503494,-0.3464267314764376
0.6454255518402734,0.3524472593566662,-0.34499817826981705
0.6435278907236246,0.3216974456243186,-0.32708697535260967
0.6341006710881167,0.28865855373902793,-0.297113699099089
0.6113782472912007,0.2506306968489994,-0.2531959871671615
0.5778768340757491,0.2066397622068599,-0.19741112817704967
0.5370783466877891,0.15449333514567906,-0.12732542659310414
0.49299266149784055,0.09642924211157375,-0.043932572316727925
0.44722012025257984,0.034905963698331266,0.04718879997560904
0.39921865300567555,-0.029396020749048707,0.14271044429600083
0.3504548358982833,-0.0933061911015301,0.23762763418120295
0.30312113481345665,-0.1538771457117785,0.32634150155477926
0.2610404444430161,-0.2103895962215038,0.4025531442801372
0.22366005256521518,-0.2642973502120323,0.4620302397834563
0.18445156002559002,-0.3146889682418131,0.5053434778637074
0.14050382462492111,-0.3498172701873822,0.5424275284012005
0.09254576180192832,-0.33556054342946356,0.5689650293977753
0.0434646221681082,-0.28373146164835067,0.5791825350193385
-0.01108982931763823,-0.2142958529378971,0.5608070455699075
-0.07025257818585608,-0.13880471110625026,0.5169740411548481
-0.1311060799617901,-0.06064048468449733,0.4557257879619537
-0.19232598277703158,0.01757665605587891,0.3797141125249901
-0.2505500161555086,0.0922149811951711,0.29667952291875593
-0.3007529679354636,0.1509002042491989,0.21248555700869515
-0.34277547711809087,0.1839208572127483,0.12979395023029683
-0.3786935771652005,0.19833296627145364,0.050385678222509805
-0.4100620338509055,0.203051194421381,-0.02106536623104563
-0.43728061108334504,0.20693949535354833,-0.08248170246944117
-0.46145062414829713,0.22030442322026406,-0.13212388266980316
-0.4851020104924002,0.24578677978753005,-0.17016199660912124
-0.5084581966030334,0.2801775559740533,-0.1971917292436256
-0.5330701706678111,0.3173017983582357,-0.2088593380732253
-0.5599515299792224,0.3521036998879319,-0.20673039247391273
-0.5932853094552174,0.3739016688804647,-0.18518174347235225
-0.6312967663538845,0.380644290047866,-0.1411916175547272
-0.6696469765411869,0.3802723945884682,-0.08401915964572615
-0.703079049771783,0.3768411952186945,-0.02108975929769563
-0.7310869702502456,0.36765210113202185,0.04475032391999599
-0.750966103112629,0.3437500178604812,0.11583580366867122
-0.7600048809913202,0.3080010442209486,0.19274123355058775
-0.7615557760153712,0.26499549000214484,0.26915318434054547
-0.7583648791409475,0.21469381421396497,0.33634737113987195
-0.7517201189224723,0.16044146679334584,0.39223927080619103
-0.7402018505442217,0.10216571866470942,0.4305535765912225
-0.7221887344601237,0.039693193818669883,0.44769407111956777
-0.699619455571966,-0.02546701578123839,0.4443066300612804
-0.6740211658074934,-0.0959579424263258,0.41392073521993356
-0.6470568325635229,-0.17085268526939495,0.36473922502664047
-0.6185563300693104,-0.25221604484731025,0.3017184552622746
-0.5881870052726854,-0.3363396174212808,0.23025936541849723
-0.5573005236249594,-0.4192535521154874,0.15603904803498497
-0.5256862367585797,-0.49979652721635776,0.08273455124957624
-0.4944146694824528,-0.5775826234825695,0.011353221245938586
-0.460666961862665,-0.6543383735997221,-0.05527021554172437
-0.4174669505500989,-0.7143512758431445,-0.1088632598771363
-0.36840381909606723,-0.744061720304814,-0.14757923699106032
-0.3113278996498267,-0.721675466703098,-0.1653178129544398
-0.24982011626725048,-0.663224235624993,-0.16744145592775864
-0.18615877073211745,-0.5749958177205192,-0.15748638588778538
-0.11852205137326097,-0.47195394694827114,-0.13818461443513963
-0.04885174007711224,-0.3650568183586287,-0.11145682639186107
0.019916846257023613,-0.26079039476312277,-0.07594287019639562
0.08536024411215896,-0.1611360922381131,-0.03442466569576048
0.14446571985094006,-0.06529341166100344,0.0074667104038428495
0.19470717873504972,0.02855580585244724,0.04101376269325222
0.23800047287186965,0.12050380354530786,0.06634734627541737
0.2798385948795991,0.2044499365106348,0.08573722515365448
0.32296979389028546,0.2769581217472711,0.10222764090692668
0.3711516418809933,0.3334327193097701,0.11466500757411198
0.4212485198344263,0.3724885579769201,0.11597358896897737
0.47051621597061843,0.40149816995289844,0.10652249750089449
0.5169189162418899,0.4276598067387166,0.08346345691252849
0.5592213143282009,0.45032997288010174,0.05053310385377318
0.5965433768144719,0.46115553040288987,0.011864520319862293
0.6289533273327064,0.4562875562090607,-0.029130697189169642
0.6561933350739864,0.4404181319208598,-0.07096093533036962
0.6737667910835073,0.4139272609816093,-0.11258367172869047
0.6831803162941918,0.37916837978287327,-0.15266951599027997
0.6853550247798341,0.33703205979960993,-0.19229015793527418
0.681899408502509,0.2877588412779847,-0.2283361722828602
0.6734956773152294,0.23181975547657213,-0.2574211035750774
0.6569192514145186,0.16557711099824104,-0.2743716108501764
0.6337404730227936,0.09386982101810747,-0.28149439131561255
0.6037037302210896,0.021501965265384726,-0.2750992398050128
0.5699269121373914,-0.05161103694430509,-0.24988064945140556
0.5349148000966977,-0.12625043996626983,-0.2109171104345011
0.4984568748020522,-0.2017336306561438,-0.16241407858261658
0.4622122403024692,-0.270691854947398,-0.10844014104756555
0.42882960104481505,-0.32128293635785626,-0.049968107532437
0.40344590749907966,-0.360455087345796,0.010910234289743304
0.38092593272054187,-0.3960308185030333,0.06791928253652305
0.3483104900046896,-0.42070807690817025,0.11762397384145815
0.30941327728250534,-0.41943928934659463,0.16239740640255776
0.2654046401803561,-0.373476763780206,0.20099387978904715
0.21324149335595344,-0.3111978284366753,0.22685359219811185
0.15528777629512888,-0.24062651491643372,0.2402072101473739
0.08984544095226463,-0.16025819300784896,0.23666859808421364
0.020541719698299488,-0.07597581224265111,0.22022567627012246
-0.05235312514458211,0.0052121910128914845,0.1941379697296587
-0.12483247457622514,0.07335851930906426,0.15943054785528862
-0.1926342375280566,0.12767170480039217,0.11859839094197588
-0.25324536085643695,0.16544298521292394,0.07194848376098553
-0.30639646126749204,0.19227512649807998,0.022281721855778924
-0.3491019535836058,0.21721428653034558,-0.027338317358294756
-0.3826280476876728,0.2487143668891783,-0.06994816597959932
-0.41122746746270683,0.2861411966222306,-0.10522707818787301
-0.4361482920136793,0.3310783552842716,-0.13538837879173735
-0.45693231525419126,0.37838474230838093,-0.16099393832405032
-0.4731953549949921,0.4194299227452209,-0.17603052439094238
-0.4880407213627644,0.4439004125074657,-0.17507522001423567
-0.5036127022565275,0.4541833373385991,-0.15996909775621368
-0.5205768908943444,0.4565315160818781,-0.12982204530681585
-0.5378752519005627,0.4537084562817135,-0.09000527229113116
-0.5527356211887735,0.4398708773269856,-0.03988157100031291
-0.5637530543865569,0.41588015642702797,0.020219708734403326
-0.5694099167813287,0.3822318896905056,0.09520896844247308
-0.5697150745089549,0.34118913719833754,0.17675337400307284
-0.565336145923932,0.29583537624725637,0.25656273756859754
-0.5543877137174427,0.2444503446769789,0.3224877622616819
-0.5376555192586484,0.18862041737535135,0.3722549183005075
-0.5140141227062133,0.12765683962687846,0.4027475258634381
-0.48518577316755807,0.06268405603134403,0.4194541514259554
-0.45388811385859396,-0.004199404352176722,0.4237839850438832
-0.4210423528994346,-0.07548967000134038,0.40544698646291544
-0.38723765296566576,-0.15014255431583604,0.3684103072416914
-0.35056075436031253,-0.23144907437362494,0.31476997130561385
-0.31170395937565387,-0.3189607324381901,0.252673972392382
-0.27341694724380733,-0.4066036593296683,0.18901099448205283
-0.23831349690353226,-0.48299496289735233,0.12689834118462703
-0.20608128207566642,-0.5445387303518757,0.06487065643511336
-0.17542180627383774,-0.5882901979861433,0.0016385933634263383
-0.13686930435518468,-0.6196319853728717,-0.05396139521045238
-0.09261512192023943,-0.639022796535357,-0.10398985738571563
-0.04836294118424268,-0.6234676337363205,-0.14900025225411936
-0.005485288433900337,-0.5761316633851522,-0.1856355124630447
0.03539052840705943,-0.5045360748665696,-0.20440009763518285
0.07564549055165451,-0.4198806126046393,-0.20319478574089064
0.11634885427937253,-0.32949919690314905,-0.18998483525474835
0.15871167471409336,-0.23750992497902734,-0.16974016375651513
0.20089958704340424,-0.14697316440641311,-0.14631266287284944
0.24193014377610375,-0.06096430449410947,-0.12436317690791313
0.2835292562634388,0.02546543145216039,-0.10344362314450789
0.32569356422959755,0.11395005463531785,-0.08160433228843084
0.3701692295913017,0.20086160306774764,-0.059711671453664836
0.4161246937079386,0.28107966053132194,-0.039099428190276994
0.46513403976963685,0.3513273479902589,-0.022109426289460582
0.5148615164216399,0.4084406200272101,-0.01545037179730352
0.5615931179009436,0.4510820370958168,-0.019959463636763215
0.598690099360401,0.4772038281704079,-0.03892249190072865
0.6255225935375375,0.491829924490101,-0.06904143927684944
0.6399331921025782,0.4946884657591703,-0.11259706554910257
0.6520578683298128,0.4833927495712757,-0.15791619641081917
0.6664927009920455,0.4585800697260834,-0.19729519728666067
0.6828865518815989,0.42305314581992304,-0.2280480787985802
0.6959756517911222,0.3862181537847054,-0.2540747158160349
0.6947713642676051,0.35006231092369644,-0.2801398283097586
0.6741590975829284,0.30319015721721304,-0.3048872351340129
0.6400025072813951,0.2465524273963452,-0.32438809187479173
0.5998996168640991,0.1845590674216697,-0.3344090057347513
0.5577121018041754,0.12218227997210776,-0.33776331568510237
0.5115188797113176,0.062069831870246964,-0.3348878993256324
0.46182087633475066,0.002190734465442337,-0.3255166511012515
0.4110485684503829,-0.058306680411166024,-0.31155338733661647
0.36086772091544755,-0.12183112225037518,-0.29375062127505636
0.3135098628466932,-0.18572349681717198,-0.27160017965734917
0.2725577505645256,-0.2445248414828213,-0.24239586616546419
0.22934967675302054,-0.2916659093988625,-0.2151480131593839
0.1817557881395697,-0.32384222595956297,-0.19146421824966886
0.12850205246361168,-0.3345873173545568,-0.16794077819367392
0.07201052314117498,-0.33005059314515506,-0.14359580384146156
0.01700014834222647,-0.30846013251268395,-0.11882199848302291
-0.03729161647186676,-0.265649381315132,-0.0997748088050425
-0.09165635719516349,-0.207400586828885,-0.08860153770633378
-0.14426271997591505,-0.14122807909492335,-0.08723895096284522
-0.19231751331293634,-0.07529144842778751,-0.09291152453698145
-0.2316304673489678,-0.01692174981234755,-0.10304954720168168
-0.2626219841606541,0.0337191825440504,-0.1108303206237465
-0.2880725423813937,0.0787556603968475,-0.11678742221352167
-0.3101321958656264,0.12085744582108321,-0.12536807698439567
-0.32930804562458593,0.16115352152587809,-0.13628673430004315
-0.34694414636188264,0.2012700106259283,-0.1478343724293465
-0.3657236457711871,0.24347076377601193,-0.16033492428624363
-0.38470835628589534,0.2884475986356817,-0.17428679404200156
-0.4007553265878095,0.3335719009652983,-0.19181472997629304
-0.4157664249211784,0.37050891337558706,-0.2105583209792186
-0.43439001385445375,0.3889143505241852,-0.22100812724260233
-0.45487883730476025,0.3973928510473292,-0.21298973956433873
-0.4752615078136784,0.39897056590819086,-0.19085141397915148
-0.4907903156338306,0.38718199426844024,-0.16234321358655496
-0.5001372550155133,0.36409360130138746,-0.1307620401971597
-0.5020857790684335,0.3323225788490015,-0.09075093340347606
-0.49844806061101726,0.2930443685330449,-0.04616964322783106
-0.49146779424910264,0.24855244147220396,-0.003898905030653349
-0.47930763556912287,0.2007796158945923,0.02461755199004325
-0.4625813171071202,0.15092839838940633,0.04070874162357968
-0.4411662705000877,0.09235422738902652,0.04803358232849132
-0.41573200047248676,0.02405035751232143,0.042991436371413665
-0.38831365820491315,-0.04902315821307944,0.02467287694684244
-0.3598800939144208,-0.13042966599175868,-0.013210896846737673
-0.33084207783564834,-0.21963315848373033,-0.0647191288801567
-0.2993973372448488,-0.32051686972127313,-0.12551752194992183
-0.264237664978035,-0.43388394546116704,-0.19040182544874684
-0.22707826163326958,-0.5501677619692737,-0.2539015928844456
-0.1904124202265044,-0.6405522489965468,-0.31267188968440485
-0.15687130144109554,-0.7008244197200502,-0.3672633619082818
-0.13031378225579676,-0.7370985744951873,-0.4192716870637842
-0.10747723402161395,-0.76126621097627,-0.4688090179865214
-0.07417999727380623,-0.7733280101218111,-0.5063991673095449
-0.02947062404371574,-0.7497869811083557,-0.5274462483496034
0.015685721067556786,-0.6938009518942451,-0.5371348820226506
0.05266265841412196,-0.6184215942964512,-0.5356880978755327
0.08500874421009234,-0.5346573377979784,-0.5245994983696172
0.11697555059900472,-0.44014327705895717,-0.5049213870757376
0.14665054811246314,-0.3421719283726934,-0.4767994557699343
0.17281843836471286,-0.24893101019440242,-0.44147858159052367
0.19560117571688154,-0.16350582273487035,-0.39964297445389263
0.21671092609760462,-0.08340834387863734,-0.3557103497457116
0.24074103665261093,-0.0024660005434900406,-0.3153800885016152
0.27387562483600836,0.08401762155969425,-0.2844221682697467
0.31571983184390773,0.1697583938008198,-0.2617625182160653
0.3689792535716441,0.24470060685414508,-0.244699370300942
0.43047015958800616,0.31155020998210115,-0.23241681644369755
0.49871570873364474,0.3748234202341596,-0.2318202429611569
0.5657623703170785,0.4230486623912216,-0.24655768477641302
0.6258086902449276,0.4554033449742943,-0.27171004164378615
0.6700717757638989,0.4752408558697765,-0.3058116273364997
0.6999694065284253,0.48700089095605475,-0.3452305225189052
0.7169982862915603,0.4887567464113851,-0.3847976437080411
0.7310057690125841,0.47456598074125345,-0.41706726909408504
0.7446530814881404,0.448122616705368,-0.44312945309378654
0.7538515004522729,0.4148986353506334,-0.46755526428724803
0.756335089144132,0.3780089040532245,-0.4917982712175032
0.746285208243076,0.3353218154707406,-0.5151588079443468
0.7229831935004543,0.28613989350905256,-0.5290177035319804
0.6921576751474131,0.23477441107369415,-0.5305693987597949
0.6558275618727908,0.1837483213936823,-0.5120962847226076
0.6155296340044076,0.13363392710666533,-0.47819166066090163
0.5703758873884424,0.0848482470785906,-0.430036644833728
0.5216554630630921,0.036732754922566606,-0.37652481511180846
0.47148226109808533,-0.011728533745431972,-0.3219365551970488
0.424256626528642,-0.06540721439623143,-0.2636081450754313
0.3808548876918832,-0.12250647643313609,-0.2044562805508022
0.33260626226586676,-0.17871236014206632,-0.14836328030475546
0.27584538015286286,-0.2096265080598136,-0.08727962619971413
0.21474397332656878,-0.2113609285206885,-0.021671008636902883
0.14522498400755599,-0.18520370849088438,0.03719763574379948
0.06861298003730432,-0.1406063392432234,0.08260550425500801
-0.012160734026992429,-0.08090788226283208,0.106994405387109
-0.09389471289676639,-0.016005425358858363,0.10867837247555688
-0.17333222658047198,0.05027607788918738,0.094042430846452
-0.24529690669048143,0.11542406478110318,0.07118251264092804
-0.30830014489999474,0.1746096623365363,0.04452496438541324
-0.3610554473348501,0.21628216963404823,0.010937466833242662
-0.4037817944179622,0.23646515088341108,-0.029665403752902428
-0.43793777459857763,0.24196834861743055,-0.07387746155801232
-0.4639257510657657,0.24375375481037467,-0.11806070492398842
-0.4840389319262463,0.24811628915071987,-0.15931239534267502
-0.5000719967147503,0.26175440498056296,-0.19490911222243099
-0.5136470759116895,0.28464847367804197,-0.2252384772718199
-0.5268096465284877,0.31055742121944147,-0.2513020955360184
-0.5451517813288131,0.3334349619890929,-0.2699380903323934
-0.567435642584552,0.3546126478862092,-0.27844371909432836
-0.5918798642115478,0.3724540490334489,-0.265564505341238
-0.6161702319589785,0.3803187593508805,-0.23138487997274346
-0.6372608000850625,0.3790357466144685,-0.1862571912128089
-0.6500560302508946,0.36772925454410776,-0.1318137852446607
-0.656540053683639,0.3481003621525763,-0.06873320149376567
-0.6576869682410366,0.31475424409378766,0.005881343460887686
-0.6546056846713356,0.2688814634728535,0.08875974128256624
-0.6479429578228718,0.21614692247169792,0.17377520702914884
-0.6364624283585282,0.15618251687564302,0.2551915413293262
-0.6219833859580869,0.09006928877229559,0.3298023359408005
-0.6061411194673757,0.016762131262223937,0.3945150359795708
-0.5882458232584543,-0.06413808665662381,0.4468331090353997
-0.568951971217392,-0.15177740159501563,0.4862722860933823
-0.5481918862313839,-0.24800290288436122,0.5085014567836446
-0.5258453312909808,-0.3480716561856724,0.5170127900000485
-0.4995289581835224,-0.45030623030417377,0.5102765022392387
-0.4691076392485885,-0.5348653679560181,0.4859718494522159
-0.4381888992379069,-0.591564157886113,0.4491912410053573
-0.41099770101300337,-0.6181531611175362,0.4025030917864404
-0.38520149792891395,-0.6317012929150433,0.35096819662400036
-0.34796057197650454,-0.6410694663230377,0.3013234042466715
-0.2966716207993266,-0.6216815773170339,0.2546399844356769
-0.2413970942266456,-0.5728363467707055,0.2087467623363486
-0.18708920289515746,-0.5049117337491735,0.16115352590761683
-0.13164909230330815,-0.4303836885228982,0.1165777220268617
-0.07000499499596022,-0.3522823906527481,0.08325490223130338
-0.0041868611187943355,-0.27302743799447177,0.06211843615418027
0.060866805234046834,-0.19803102725145333,0.04891411375293635
0.1185272015908953,-0.13319928746729146,0.04123256810854313
0.16851329165577952,-0.07546194051160425,0.03794982216126896
0.21149494664997565,-0.018302121095720908,0.039666245307618406
0.25290485393314954,0.045951676306630815,0.04779639050008459
0.2942952044764899,0.11511183225825453,0.0606357384863299
0.3386088490917603,0.18280698502626241,0.07435615152398248
0.38474707134293634,0.244815886317712,0.08639501665910582
0.4323920651179331,0.29514851232729516,0.092668210090285
0.4794948520693425,0.33328073419062754,0.09281064896757678
0.5226326143332201,0.357706948341137,0.08547746869505378
0.5575945544860027,0.37499256218965393,0.07017436690292439
0.5844892860465822,0.38616041584819155,0.0479657003395318
0.6074922185937129,0.38039442377736443,0.018701883211494054
0.6310867671615769,0.35770169489059067,-0.012858766767914358
0.6580929689983698,0.3239132201962446,-0.04028598673645725
0.6795770515430538,0.2919882327082176,-0.06290283795498025
0.6918735815403686,0.26094094495484055,-0.08186227046977516
0.6900983167742402,0.22090114910361056,-0.09529751145844853
0.6781310293399744,0.17185117263170152,-0.10091688160241576
0.656790345618007,0.11423708703326058,-0.09020986802188338
0.6258632334219041,0.05294072034253777,-0.060853968838408386
0.5881308419408666,-0.008806953711334706,-0.01813018133398569
0.5454974134462741,-0.07156102443206823,0.037972067028882596
0.5003635591650407,-0.13588371131473853,0.10372204069390573
0.45221472463126866,-0.19939377595479618,0.1784945739801816
0.40447838324775387,-0.2512751806496575,0.2612969973435052
0.36096889731357606,-0.29150401923612984,0.3486928734299575
0.3227348838158789,-0.32066417314003215,0.4339414218324387
0.28572777868109334,-0.3438512275716544,0.5123212200271722
0.24517236097702053,-0.35685644408947004,0.581570094190947
0.19993878981490157,-0.3497646087959908,0.6488321300686595
0.15224804969153669,-0.3271792428461912,0.717378960761049
0.10413165576351457,-0.28795696886245015,0.7844522344421587
0.05480855252576247,-0.23709192374357752,0.8418506836743126
-0.0015713319489300062,-0.1775459568045285,0.8670263929285484
-0.0631330975104232,-0.11323855162924917,0.857135601008681
-0.12701141359072554,-0.049324528587379596,0.8262590894638832
-0.18978099078843053,0.008192467835099873,0.7763495009907674
-0.2473971879855239,0.05856138576062054,0.7093389166347067
-0.2951498411948751,0.10274262751861712,0.6225843270150053
-0.3308717129938309,0.14350139236896048,0.5232379642818401
-0.35724450896173376,0.18168748009426494,0.41936495977399346
-0.377074931418277,0.22134722300998258,0.3191412436862286
-0.3940699133474419,0.2637711575189399,0.22671753247225407
-0.41198012046238774,0.3129663922013775,0.14470465028978383
-0.4286079095807681,0.36330087386960846,0.07326791720210919
-0.44314844793618385,0.4108239569524813,0.013478063166014062
-0.45480671441666615,0.45276219663958456,-0.026189851936490267
-0.46514869242590995,0.48629046510717866,-0.046192564618124855
-0.476974212223255,0.5019576803774561,-0.04408873114182386
-0.4901246550608889,0.5025736540523963,-0.023746081415351054
-0.5036533064491091,0.49427345279287327,0.011043479277340944
-0.515920010865548,0.47600258509802246,0.06344940965401649
-0.5255781906147043,0.44917218198248476,0.1271161579985474
-0.5295619156361904,0.4122670994178078,0.19490181782948174
-0.526777032022588,0.3643026887741735,0.2559410659808815
-0.5184547889007424,0.3101961114119698,0.3071702981809535
-0.5035839115229588,0.249898851091863,0.34714640927855267
-0.4836242633558001,0.18375635257013698,0.3778274136121622
-0.45881279216203325,0.10557878452118208,0.39052353489003844
-0.42961389531962557,0.016002179775862643,0.3755191026693223
-0.3973293998331823,-0.07760164943242488,0.338446955243568
-0.36230124292820076,-0.17284559426890578,0.27918236859255696
-0.3264393543601429,-0.26781912029590194,0.2058449734626607
-0.29029381318242026,-0.34826454999162115,0.12686063119088797
-0.2555337206676939,-0.3945895268397164,0.049157719146851075
-0.22339202447911388,-0.41718254232255403,-0.025091135411127147
-0.19453922023543965,-0.4294510114153805,-0.09534838636018611
-0.16742264061030337,-0.43637638194549766,-0.16187477268029532
-0.1361805928203677,-0.4362834815731193,-0.2197258791716673
-0.099096702153738,-0.4217685409969555,-0.26798725088632874
-0.0626069985800406,-0.38999608964592675,-0.3082625952373122
-0.03307434735026042,-0.3336621112007392,-0.3326664760302339
-0.006485148038637419,-0.26626423369360314,-0.3405968031780613
0.02480345507480764,-0.199379248213009,-0.32811010177480404
0.06253501391742852,-0.1339089350092371,-0.30364137885001036
0.10357973258637702,-0.06993425212759895,-0.2720111885438635
0.1448716103258053,-0.006731075730958436,-0.23396688005086796
0.18567683638892918,0.05511731293326047,-0.19392675476340349
0.227335380849488,0.12084186250123426,-0.15635848957041937
0.27125973960707717,0.18869604693686887,-0.12300926308026658
0.31574102306788454,0.2509340540941739,-0.0938739742048593
0.3619562402594294,0.30178004303230527,-0.07140912704431386
0.409783157199929,0.34491724030803383,-0.05656139192168827
0.45787710448299557,0.37924829041072844,-0.05568178924545179
0.49788830686525315,0.39994934774568114,-0.07431176332549862
0.5275600517841456,0.4115194167847954,-0.10716845216627055
0.546165315857644,0.41553093056336693,-0.1479017139731535
0.5608445062311325,0.40986693373580835,-0.190008593971017
0.5802189324867785,0.3885640929436842,-0.22863797131241595
0.6005252576557227,0.3645607278010286,-0.264884723615483
0.6169348680288287,0.34074470678085456,-0.2990495353581268
0.6206092409269895,0.309386885525453,-0.32890304562816874
0.612309259880313,0.2707022739003397,-0.35201075269543874
0.5921504539406393,0.22635086129893262,-0.3615158727170346
0.5631007775947753,0.1800383470455001,-0.35593402965993187
0.5273875853431683,0.13501611567749752,-0.33857438225959324
0.48323128081062056,0.09273723438050957,-0.30967035550214994
0.43367480789833857,0.05150121353314156,-0.27262425744414714
0.381041386110528,0.007149530005118761,-0.22849598708334465
0.3274691970485449,-0.03954215899887909,-0.18079429692812357
0.2746781937183409,-0.08905054389352052,-0.12779276315072563
0.22820181437248946,-0.13865780056840815,-0.06692438815890182
0.18764993009814981,-0.18388874182636042,-0.005567662532399244
0.14427923546137097,-0.22084245426235533,0.04705838053758256
0.09753840668889646,-0.24564291635809024,0.09472508606817534
0.04961597258950753,-0.24710548700484758,0.1464815533714611
-0.0006006945554147616,-0.23319510531088336,0.20206595467193006
-0.05378786914442596,-0.21134477835529347,0.2593286509650453
-0.11076904735186383,-0.1842805586057808,0.3165844522701554
-0.1677295976599743,-0.15234781138040832,0.3685484152089137
-0.2218259750601078,-0.1144644666004721,0.40553952729747567
-0.269577808916533,-0.07159215481001589,0.41959725167976586
-0.31027929171990243,-0.02611461133026277,0.4146988035133696
-0.3402805599518636,0.021386012446766522,0.3976174156699058
-0.36102203393913784,0.06891917944112806,0.376479170905342
-0.3738618081823792,0.1143380679585907,0.3527675408525777
-0.38212041103736544,0.15389691538397615,0.3216789451031248
-0.3882195173259334,0.18830380343638214,0.28397743918613494
-0.3953963058726385,0.22510072263228528,0.2396530659046976
-0.4048501375880163,0.2670835217430352,0.19261502112013962
-0.41938588528200643,0.3096328509982716,0.14602943774720648
-0.43581040632062296,0.334125049636561,0.10435214007190913
-0.4508440886723931,0.34360542320258936,0.06887341056512458
-0.4609412581332232,0.347143423701499,0.044254846501404085
-0.46727197861310377,0.34743274889296516,0.029613392419071852
-0.4700306023360102,0.34253663805474266,0.02652652275465787
-0.467224927675951,0.33216288496066765,0.03354314080045714
-0.4592679795588874,0.31731978541089023,0.04678465750465071
-0.4448400280161456,0.29214503365865413,0.06495181795354979
-0.4262987301298218,0.2560511009609493,0.08585334783534342
-0.4060841993743043,0.20862522617482437,0.11001863698720696
-0.38282846433921286,0.14934337288601246,0.13417865580120994
-0.3557985327320002,0.07829698678836533,0.1539647385960122
-0.32261902599670883,-0.011110790926189856,0.16436907732250086
-0.2855873158514969,-0.1119484837237044,0.16909542572402167
-0.2459047700561499,-0.21901818820999297,0.17364708062358103
-0.20497913031317494,-0.31919464073749865,0.17639121272656744
-0.16425959653231867,-0.4017657282235565,0.17502454651315388
-0.12555365258335857,-0.4491370430388463,0.16564746236516403
-0.08996344662904304,-0.4681120123034605,0.15045889437669716
-0.05643336656611086,-0.46731360296016583,0.13031688768509025
-0.019462824350106697,-0.4570972676830798,0.11079248295540671
0.020246745343545126,-0.44330611217721394,0.09370201645255771
0.05822229461894876,-0.42560522025677117,0.08007707995058351
0.0931014897005355,-0.4042709432588602,0.06742590217347473
0.12494394521004293,-0.37940683996874525,0.0529801768247539
0.15154069412628035,-0.346258838542412,0.04247165150420629
0.17352154661007688,-0.30501508320417214,0.03518655569189602
0.1900810388794759,-0.25652405238043385,0.02927779183735097
0.2044932502970652,-0.20481219939772718,0.023709903291977034
0.21999587378789026,-0.15054170037525044,0.018244165115528926
0.23633855029092182,-0.09522767947292442,0.013847899426491209
0.25285309058375505,-0.04191725633206783,0.009451180855225666
0.26944679439477853,0.008134137709048861,0.0015603339939201915
0.2861918695867282,0.05464064981093992,-0.010181055279174843
0.30671650912263365,0.0953424790627204,-0.029039862951716233
0.33560321433480633,0.12471258063376901,-0.05649429276982841
0.372188040791279,0.14219022287048722,-0.08904581334749963
0.41836373684194855,0.14809965383738372,-0.12708934817140344
0.46998174462398545,0.14803727628588842,-0.17071319472913224
0.5210149979276948,0.1459509754176161,-0.22317312851124202
0.5641930732043634,0.14254988858334608,-0.27448234592649323
0.5987660841664566,0.139495966113106,-0.318212534793488
0.6239419457858978,0.138143469241494,-0.34950401205528103
0.6404097255694863,0.1368308941499664,-0.37194972651147523
0.6447133429198241,0.13069474840053605,-0.3884380693443085
0.635418918752684,0.11840482976660888,-0.3926826895967982
0.6160401729658006,0.10239812434788348,-0.3838225454646473
0.5871891706139968,0.08473739889318671,-0.3593092476551946
0.5520075484196939,0.06560923123134625,-0.32244481997242425
0.5121130685924699,0.04352202371525023,-0.26975708797885134
0.4668738631667245,0.018270426128182405,-0.20126667271134066
0.41770434166320525,-0.00928356439439637,-0.12224305465444234
0.36355286148264254,-0.039569783111723725,-0.035579120770250786
0.3060940892773608,-0.07057168958695959,0.05402390488864066
0.2461988067696544,-0.09862664364549822,0.14651422177905488
0.18971725028885128,-0.12162944381687348,0.23717655717060537
0.13737206822244155,-0.13994668244526282,0.31887583758983284
0.0849358112561451,-0.15206147352626637,0.38315479191519264
0.03201632783494357,-0.15841770634518587,0.4334883793323562
-0.017934359980216044,-0.15596601613936034,0.4838802299124264
-0.06169968023867904,-0.14374575381803842,0.5447874481391377
-0.10281245040187657,-0.12787822577900473,0.6097962703232472
-0.145992649618261,-0.11092691340033758,0.6711250906325581
-0.19109121879753127,-0.09201612295776473,0.7229838754038616
-0.23620377158510855,-0.06737690971192209,0.7486962515162086
-0.27677383372326597,-0.033729856409372413,0.7477758367675896
-0.31270491818611446,0.005122960952100554,0.7276425447061741
-0.34322991817935644,0.045496909243930704,0.6908132332145132
-0.3695953828832731,0.08586707424860002,0.644474919618167
-0.3933103450352464,0.12544938007430242,0.5891205222099549
-0.4160164970033862,0.16477694802769863,0.5218874045342884
-0.4379940196456855,0.20330264510870288,0.44591728699519145
-0.4603340488448783,0.2407462388133408,0.3661451432516555
-0.483978716158195,0.277740408000902,0.2885136812948673
-0.5093813067423107,0.3176752780469938,0.2171120435896733
-0.5349138097972437,0.3600467651996808,0.15270403451488462
-0.5587539881726304,0.39958652484009,0.09790195462530754
-0.5794353334646694,0.4214762177966896,0.05317940180603252
-0.5966147825091395,0.42742827517661647,0.017271992295745928
-0.6080625038017256,0.4230258399530271,-0.00725424507884791
-0.6143480802160244,0.4130009967643866,-0.0208548573814538
-0.6145542211827751,0.39737609501530863,-0.01906427975739397
-0.6084458606293031,0.3738082863894878,-0.003859520762396894
-0.5978441493415414,0.3435631413676146,0.018914924227335206
-0.5828855054203468,0.30675367500053247,0.04471634040036787
-0.5642159284626793,0.265118200393389,0.07011188658376367
-0.5399406869679882,0.21169790188416548,0.08658848585874268
-0.5098979101374951,0.136798876856711,0.08520558973966688
-0.4759647317416199,0.04698479598610672,0.07167224133075015
-0.4390471465859333,-0.04911805169135269,0.055034972419341535
-0.4019743533686172,-0.14464001127128948,0.03748101723276919
-0.36591312297145795,-0.23004613843019783,0.014611762784368262
-0.3308199513456851,-0.28867847940144215,-0.01677308269596857
-0.29765043972913263,-0.32203331055481077,-0.0546383378683824
-0.2660591847617188,-0.3321946687280723,-0.0999934065624019
-0.2363747973772946,-0.3274044834397241,-0.14851328585724588
-0.20812462245707714,-0.3091865501253642,-0.19265917849503827
-0.18008969522194238,-0.2872937726683094,-0.22783645209414863
-0.15303603525459517,-0.2686401114502032,-0.2554450867744871
-0.1254693523293379,-0.2573175741879268,-0.2814031398788809
-0.09799275186941207,-0.24926886837512194,-0.30838566872240053
-0.07194707834530632,-0.2357771296184005,-0.3353904850624634
-0.04753069008953684,-0.2144926124094809,-0.352815708750118
-0.02187477437903394,-0.18673563702496282,-0.35869871437936496
0.009098918783032223,-0.14920858009701352,-0.349643740503897
0.0429607555502427,-0.10430785902620672,-0.32962685403387654
0.07865351525626224,-0.054497124845608605,-0.304585165482398
0.11739491418120496,-0.006616342419862482,-0.28193674357465087
0.15873126705815188,0.03653688467099387,-0.2624861588908811
0.20526444399983332,0.07257132553447017,-0.24973708932324812
0.2563637766629989,0.10279580742002797,-0.24354685190694803
0.31460049025772274,0.12754228909175405,-0.2439570920870871
0.3777882849059916,0.1451090263143487,-0.2512051726994715
0.44179267798027266,0.15599219864864178,-0.26386539963036654
0.5019604320893013,0.16214652961676407,-0.2813950965961131
0.5556623328004017,0.1649556269184434,-0.30145774834970135
0.599517685464783,0.16336492330848437,-0.32327898272265115
0.6304586682890917,0.15956595411936517,-0.34606136076158134
0.6493062015413283,0.15336054595639928,-0.36886067332189293
0.6553933409391702,0.14253541332484168,-0.39335778974248903
0.6543053217512422,0.12839273129064285,-0.4180097437804848
0.6533283930819261,0.11235296359448887,-0.43473807621925337
0.6538602279653707,0.09532449819241827,-0.4383437616440374
0.6527564905099522,0.07711648213600142,-0.43225146885437216
0.6418268606221049,0.05639726293709313,-0.4142706584011267
0.6222322552767715,0.03376190612054648,-0.38482840668272833
0.5953154365281631,0.008526295235835729,-0.34116093552523025
0.5628585986639897,-0.020432009675751924,-0.28735372871887904
0.5259844336754287,-0.05242886118071595,-0.22771011637232144
0.4828003465233274,-0.08450460253096961,-0.1615163576924115
0.43578214204518595,-0.11286963563323833,-0.091437616484836
0.3888139073355656,-0.1341418066884954,-0.019038138241453978
0.3464471311277055,-0.1518518387392048,0.05171897677828044
0.3056539314820328,-0.1699261265939295,0.11833388353256494
0.25947420589136266,-0.18568221459522616,0.17805922862107615
0.20946333222504057,-0.1946100849067101,0.2317155731965061
0.1541408321887388,-0.196832800115643,0.28469708432993845
0.09583526365928964,-0.19595773221028848,0.33882312918319474
0.03722072649682538,-0.19187484742451394,0.392139853132774
-0.02269752740947928,-0.183704105997368,0.44119065610739194
-0.08257425068504848,-0.1725902784057173,0.483488133621013
-0.14096997692531546,-0.1590989606625627,0.5126505514057046
-0.193441720271334,-0.14112521010072085,0.5245128472370721
-0.2392406263768412,-0.11886132403030579,0.521779729245224
-0.27726585741161547,-0.08979948927636348,0.5068272736285274
-0.3088377382336522,-0.055205775118701755,0.48445727615386636
-0.33538513212260684,-0.01481290431386105,0.45358645439613443
-0.35917424842515344,0.029496587618619202,0.41250959329393855
-0.38154583048027807,0.07479605371352363,0.36581279384480664
-0.40621751822512003,0.11987137726776603,0.3171558390123737
-0.43408367769740386,0.16421222220996154,0.2674640773691793
-0.4660193135854222,0.2093845967845545,0.2168725810211749
-0.4976314946731346,0.2481349120305742,0.17175425599841768
-0.5267097601580035,0.27558342077435144,0.1344792677009164
-0.5508089908732531,0.28595021351176203,0.1075818109292888
