Time,Velocity_raw_x,Velocity_raw_y,Velocity_raw_z,Velocity_wavelet_x,Velocity_wavelet_y,Velocity_wavelet_z,Velocity_UKF_x,Velocity_UKF_y,Velocity_UKF_z
1729156181.786936,0.0,0.0,0.0,0.0,0.0,0.0,0.0,0.0,0.0
1729156181.794484,0.0,0.0,0.0,0.0,0.0,0.0,0.0,0.0,0.0
1729156181.802433,0.0,0.0,0.0,0.0,0.0,0.0,0.0,0.0,0.0
1729156181.810844,0.0,0.0,0.0,0.0,0.0,0.0,0.0,0.0,0.0
1729156181.818557,0.0,0.0,0.0,0.0,0.0,0.0,0.0,0.0,0.0
1729156181.826549,0.0,0.0,0.0,0.0,0.0,0.0,0.0,0.0,0.0
1729156181.834511,0.0,0.0,0.0,0.0,0.0,0.0,0.0,0.0,0.0
1729156181.843648,0.0,0.0,0.0,0.0,0.0,0.0,0.0,0.0,0.0
1729156181.851833,0.0,0.0,0.0,0.0,0.0,0.0,0.0,0.0,0.0
1729156181.865911,0.0,0.0,0.0,0.0,0.0,0.0,0.0,0.0,0.0
1729156181.866366,0.0,0.0,0.0,0.0,0.0,0.0,0.0,0.0,0.0
1729156181.874606,0.0,0.0,0.0,0.0,0.0,0.0,0.0,0.0,0.0
1729156181.882556,0.0,0.0,0.0,0.0,0.0,0.0,0.0,0.0,0.0
1729156181.89047,0.0,0.0,0.0,0.0,0.0,0.0,0.0,0.0,0.0
1729156181.905111,0.0,0.0,0.0,0.0,0.0,0.0,0.0,0.0,0.0
1729156181.906642,0.0,0.0,0.0,0.0,0.0,0.0,0.0,0.0,0.0
1729156181.914521,0.0,0.0,0.0,0.0,0.0,0.0,0.0,0.0,0.0
1729156181.922568,0.0,0.0,0.0,0.0,0.0,0.0,0.0,0.0,0.0
1729156181.930909,0.0,0.0,0.0,0.0,0.0,0.0,0.0,0.0,0.0
1729156181.938593,0.0,0.0,0.0,0.0,0.0,0.0,0.0,0.0,0.0
1729156181.946501,0.0,0.0,0.0,0.0,0.0,0.0,0.0,0.0,0.0
1729156181.954726,0.0,0.0,0.0,0.0,0.0,0.0,0.0,0.0,0.0
1729156181.962389,0.0,0.0,0.0,0.0,0.0,0.0,0.0,0.0,0.0
1729156181.970428,0.0,0.0,0.0,0.0,0.0,0.0,0.0,0.0,0.0
1729156181.979601,0.0,0.0,0.0,0.0,0.0,0.0,0.0,0.0,0.0
1729156181.9864,0.0,0.0,0.0,0.0,0.0,0.0,0.0,0.0,0.0
1729156181.998468,0.0,0.0,0.0,0.0,0.0,0.0,0.0,0.0,0.0
1729156182.002445,0.0,0.0,0.0,0.0,0.0,0.0,0.0,0.0,0.0
1729156182.012313,0.0,0.0,0.0,0.0,0.0,0.0,0.0,0.0,0.0
1729156182.018527,0.0,0.0,0.0,0.0,0.0,0.0,0.0,0.0,0.0
1729156182.026403,0.0,0.0,0.0,0.0,0.0,0.0,0.0,0.0,0.0
1729156182.034532,0.0,0.0,0.0,0.0,0.0,0.0,0.0,0.0,0.0
1729156182.044598,0.0,0.0,0.0,0.0,0.0,0.0,0.0,0.0,0.0
1729156182.05052,0.0,0.0,0.0,0.0,0.0,0.0,0.0,0.0,0.0
1729156182.058498,0.0,0.0,0.0,0.0,0.0,0.0,0.0,0.0,0.0
1729156182.066458,0.0,0.0,0.0,0.0,0.0,0.0,0.0,0.0,0.0
1729156182.074406,0.0,0.0,0.0,0.0,0.0,0.0,0.0,0.0,0.0
1729156182.08299,0.0,0.0,0.0,0.0,0.0,0.0,0.0,0.0,0.0
1729156182.093993,0.0,0.0,0.0,0.0,0.0,0.0,0.0,0.0,0.0
1729156182.098446,0.0,0.0,0.0,0.0,0.0,0.0,0.0,0.0,0.0
1729156182.106475,0.0,0.0,0.0,0.0,0.0,0.0,0.0,0.0,0.0
1729156182.114493,0.0,0.0,0.0,0.0,0.0,0.0,0.0,0.0,0.0
1729156182.122489,0.0,0.0,0.0,0.0,0.0,0.0,0.0,0.0,0.0
1729156182.130469,0.0,0.0,0.0,0.0,0.0,0.0,0.0,0.0,0.0
1729156182.138512,0.0,0.0,0.0,0.0,0.0,0.0,0.0,0.0,0.0
1729156182.146443,0.0,0.0,0.0,0.0,0.0,0.0,0.0,0.0,0.0
1729156182.154368,0.0,0.0,0.0,0.0,0.0,0.0,0.0,0.0,0.0
1729156182.162347,0.0,0.0,0.0,0.0,0.0,0.0,0.0,0.0,0.0
1729156182.170338,0.0,0.0,0.0,0.0,0.0,0.0,0.0,0.0,0.0
1729156182.17867,0.0,0.0,0.0,0.0,0.0,0.0,0.0,0.0,0.0
1729156182.186779,0.0,0.0,0.0,0.0,0.0,0.0,0.0,0.0,0.0
1729156182.195656,0.0,0.0,0.0,0.0,0.0,0.0,0.0,0.0,0.0
1729156182.205434,0.0,0.0,0.0,0.0,0.0,0.0,0.0,0.0,0.0
1729156182.210475,0.0,0.0,0.0,0.0,0.0,0.0,0.0,0.0,0.0
1729156182.21846,0.0,0.0,0.0,0.0,0.0,0.0,0.0,0.0,0.0
1729156182.226514,0.0,0.0,0.0,0.0,0.0,0.0,0.0,0.0,0.0
1729156182.234443,0.0,0.0,0.0,0.0,0.0,0.0,0.0,0.0,0.0
1729156182.242431,0.0,0.0,0.0,0.0,0.0,0.0,0.0,0.0,0.0
1729156182.250449,0.0,0.0,0.0,0.0,0.0,0.0,0.0,0.0,0.0
1729156182.258451,0.0,0.0,0.0,0.0,0.0,0.0,0.0,0.0,0.0
1729156182.266372,0.0,0.0,0.0,0.0,0.0,0.0,0.0,0.0,0.0
1729156182.274352,0.0,0.0,0.0,0.0,0.0,0.0,0.0,0.0,0.0
1729156182.282741,0.0,0.0,0.0,0.0,0.0,0.0,0.0,0.0,0.0
1729156182.291407,0.0,0.0,0.0,0.0,0.0,0.0,0.0,0.0,0.0
1729156182.298606,0.0,0.0,0.0,0.0,0.0,0.0,0.0,0.0,0.0
1729156182.306349,0.0,0.0,0.0,0.0,0.0,0.0,0.0,0.0,0.0
1729156182.31461,0.0,0.0,0.0,0.0,0.0,0.0,0.0,0.0,0.0
1729156182.322394,0.0,0.0,0.0,0.0,0.0,0.0,0.0,0.0,0.0
1729156182.330463,0.0,0.0,0.0,0.0,0.0,0.0,0.0,0.0,0.0
1729156182.338829,0.0,0.0,0.0,0.0,0.0,0.0,0.0,0.0,0.0
1729156182.346487,0.0,0.0,0.0,0.0,0.0,0.0,0.0,0.0,0.0
1729156182.354759,0.0,0.0,0.0,0.0,0.0,0.0,0.0,0.0,0.0
1729156182.36256,0.0,0.0,0.0,0.0,0.0,0.0,0.0,0.0,0.0
1729156182.370459,0.0,0.0,0.0,0.0,0.0,0.0,0.0,0.0,0.0
1729156182.386025,0.0,0.0,0.0,0.0,0.0,0.0,0.0,0.0,0.0
1729156182.387988,0.0,0.0,0.0,0.0,0.0,0.0,0.0,0.0,0.0
1729156182.395006,0.0,0.0,0.0,0.0,0.0,0.0,0.0,0.0,0.0
1729156182.40241,0.0,0.0,0.0,0.0,0.0,0.0,0.0,0.0,0.0
1729156182.410901,0.0,0.0,0.0,0.0,0.0,0.0,0.0,0.0,0.0
1729156182.418676,0.0,0.0,0.0,0.0,0.0,0.0,0.0,0.0,0.0
1729156182.42705,0.0,0.0,0.0,0.0,0.0,0.0,0.0,0.0,0.0
1729156182.43463,0.0,0.0,0.0,0.0,0.0,0.0,0.0,0.0,0.0
1729156182.44283,0.0,0.0,0.0,0.0,0.0,0.0,0.0,0.0,0.0
1729156182.450527,0.0,0.0,0.0,0.0,0.0,0.0,0.0,0.0,0.0
1729156182.458415,0.0,0.0,0.0,0.0,0.0,0.0,0.0,0.0,0.0
1729156182.467711,0.0,0.0,0.0,0.0,0.0,0.0,0.0,0.0,0.0
1729156182.474515,0.0,0.0,0.0,0.0,0.0,0.0,0.0,0.0,0.0
1729156182.482907,0.0,0.0,0.0,0.0,0.0,0.0,0.0,0.0,0.0
1729156182.502431,0.0,0.0,0.0,0.0,0.0,0.0,0.0,0.0,0.0
1729156182.503463,0.0,0.0,0.0,0.0,0.0,0.0,0.0,0.0,0.0
1729156182.506445,0.0,0.0,0.0,0.0,0.0,0.0,0.0,0.0,0.0
1729156182.514403,0.0,0.0,0.0,0.0,0.0,0.0,0.0,0.0,0.0
1729156182.522394,0.0,0.0,0.0,0.0,0.0,0.0,0.0,0.0,0.0
1729156182.5304,0.0,0.0,0.0,0.0,0.0,0.0,0.0,0.0,0.0
1729156182.538523,0.0,0.0,0.0,0.0,0.0,0.0,0.0,0.0,0.0
1729156182.546444,0.0,0.0,0.0,0.0,0.0,0.0,0.0,0.0,0.0
1729156182.554371,0.0,0.0,0.0,0.0,0.0,0.0,0.0,0.0,0.0
1729156182.562414,0.0,0.0,0.0,0.0,0.0,0.0,0.0,0.0,0.0
1729156182.571791,0.0,0.0,0.0,0.0,0.0,0.0,0.0,0.0,0.0
1729156182.578775,0.0,0.0,0.0,0.0,0.0,0.0,0.0,0.0,0.0
1729156182.587279,0.0,0.0,0.0,0.0,0.0,0.0,0.0,0.0,0.0
1729156182.594395,0.0,0.0,0.0,0.0,0.0,0.0,0.0,0.0,0.0
1729156182.603677,0.0,0.0,0.0,0.0,0.0,0.0,0.0,0.0,0.0
1729156182.610443,0.0,0.0,0.0,0.0,0.0,0.0,0.0,0.0,0.0
1729156182.618583,0.0,0.0,0.0,0.0,0.0,0.0,0.0,0.0,0.0
1729156182.626439,0.0,0.0,0.0,0.0,0.0,0.0,0.0,0.0,0.0
1729156182.634443,0.0,0.0,0.0,0.0,0.0,0.0,0.0,0.0,0.0
1729156182.64243,0.0,0.0,0.0,0.0,0.0,0.0,0.0,0.0,0.0
1729156182.650406,0.0,0.0,0.0,0.0,0.0,0.0,0.0,0.0,0.0
1729156182.658379,0.0,0.0,0.0,0.0,0.0,0.0,0.0,0.0,0.0
1729156182.66664,0.0,0.0,0.0,0.0,0.0,0.0,0.0,0.0,0.0
1729156182.674653,0.0,0.0,0.0,0.0,0.0,0.0,0.0,0.0,0.0
1729156182.682643,0.0,0.0,0.0,0.0,0.0,0.0,0.0,0.0,0.0
1729156182.690508,0.0,0.0,0.0,0.0,0.0,0.0,0.0,0.0,0.0
1729156182.698504,0.0,0.0,0.0,0.0,0.0,0.0,0.0,0.0,0.0
1729156182.707031,0.0,0.0,0.0,0.0,0.0,0.0,0.0,0.0,0.0
1729156182.714587,0.0,0.0,0.0,0.0,0.0,0.0,0.0,0.0,0.0
1729156182.722513,0.0,0.0,0.0,0.0,0.0,0.0,0.0,0.0,0.0
1729156182.730577,0.0,0.0,0.0,0.0,0.0,0.0,0.0,0.0,0.0
1729156182.739406,0.0,0.0,0.0,0.0,0.0,0.0,0.0,0.0,0.0
1729156182.755016,0.0,0.0,0.0,0.0,0.0,0.0,0.0,0.0,0.0
1729156182.755386,0.0,0.0,0.0,0.0,0.0,0.0,0.0,0.0,0.0
1729156182.764582,0.0,0.0,0.0,0.0,0.0,0.0,0.0,0.0,0.0
1729156182.770638,0.0,0.0,0.0,0.0,0.0,0.0,0.0,0.0,0.0
1729156182.780996,0.0,0.0,0.0,0.0,0.0,0.0,0.0,0.0,0.0
1729156182.786447,0.0,0.0,0.0,0.0,0.0,0.0,0.0,0.0,0.0
1729156182.795301,0.0,0.0,0.0,0.0,0.0,0.0,0.0,0.0,0.0
1729156182.802703,0.0,0.0,0.0,0.0,0.0,0.0,0.0,0.0,0.0
1729156182.811002,0.0,0.0,0.0,0.0,0.0,0.0,0.0,0.0,0.0
1729156182.818556,0.0,0.0,0.0,0.0,0.0,0.0,0.0,0.0,0.0
1729156182.826437,0.0,0.0,0.0,0.0,0.0,0.0,0.0,0.0,0.0
1729156182.834469,0.0,0.0,0.0,0.0,0.0,0.0,0.0,0.0,0.0
1729156182.842464,0.0,0.0,0.0,0.0,0.0,0.0,0.0,0.0,0.0
1729156182.852918,0.0,0.0,0.0,0.0,0.0,0.0,0.0,0.0,0.0
1729156182.859117,0.0,0.0,0.0,0.0,0.0,0.0,0.0,0.0,0.0
1729156182.868574,0.0,0.0,0.0,0.0,0.0,0.0,0.0,0.0,0.0
1729156182.874458,0.0,0.0,0.0,0.0,0.0,0.0,0.0,0.0,0.0
1729156182.882408,0.0,0.0,0.0,0.0,0.0,0.0,0.0,0.0,0.0
1729156182.890574,0.0,0.0,0.0,0.0,0.0,0.0,0.0,0.0,0.0
1729156182.898526,0.0,0.0,0.0,0.0,0.0,0.0,0.0,0.0,0.0
1729156182.906406,0.0,0.0,0.0,0.0,0.0,0.0,0.0,0.0,0.0
1729156182.914437,0.0,0.0,0.0,0.0,0.0,0.0,0.0,0.0,0.0
1729156182.922631,0.0,0.0,0.0,0.0,0.0,0.0,0.0,0.0,0.0
1729156182.930876,0.0,0.0,0.0,0.0,0.0,0.0,0.0,0.0,0.0
1729156182.93891,0.0,0.0,0.0,0.0,0.0,0.0,0.0,0.0,0.0
1729156182.946435,0.0,0.0,0.0,0.0,0.0,0.0,0.0,0.0,0.0
1729156182.954465,0.0,0.0,0.0,0.0,0.0,0.0,0.0,0.0,0.0
1729156182.963833,0.0,0.0,0.0,0.0,0.0,0.0,0.0,0.0,0.0
1729156182.970668,0.0,0.0,0.0,0.0,0.0,0.0,0.0,0.0,0.0
1729156182.979739,0.0,0.0,0.0,0.0,0.0,0.0,0.0,0.0,0.0
1729156182.986747,0.0,0.0,0.0,0.0,0.0,0.0,0.0,0.0,0.0
1729156182.994765,0.0,0.0,0.0,0.0,0.0,0.0,0.0,0.0,0.0
1729156183.002611,0.0,0.0,0.0,0.0,0.0,0.0,0.0,0.0,0.0
1729156183.010984,0.0,0.0,0.0,0.0,0.0,0.0,0.0,0.0,0.0
1729156183.020876,0.0,0.0,0.0,0.0,0.0,0.0,0.0,0.0,0.0
1729156183.02647,0.0,0.0,0.0,0.0,0.0,0.0,0.0,0.0,0.0
1729156183.034751,0.0,0.0,0.0,0.0,0.0,0.0,0.0,0.0,0.0
1729156183.042859,0.0,0.0,0.0,0.0,0.0,0.0,0.0,0.0,0.0
1729156183.051898,0.0,0.0,0.0,0.0,0.0,0.0,0.0,0.0,0.0
1729156183.058914,0.0,0.0,0.0,0.0,0.0,0.0,0.0,0.0,0.0
1729156183.067028,0.0,0.0,0.0,0.0,0.0,0.0,0.0,0.0,0.0
1729156183.074744,0.0,0.0,0.0,0.0,0.0,0.0,0.0,0.0,0.0
1729156183.083143,0.0,0.0,0.0,0.0,0.0,0.0,0.0,0.0,0.0
1729156183.090436,0.0,0.0,0.0,0.0,0.0,0.0,0.0,0.0,0.0
1729156183.098695,0.0,0.0,0.0,0.0,0.0,0.0,0.0,0.0,0.0
1729156183.106793,0.0,0.0,0.0,0.0,0.0,0.0,0.0,0.0,0.0
1729156183.114504,0.0,0.0,0.0,0.0,0.0,0.0,0.0,0.0,0.0
1729156183.122502,0.0,0.0,0.0,0.0,0.0,0.0,0.0,0.0,0.0
1729156183.131059,0.0,0.0,0.0,0.0,0.0,0.0,0.0,0.0,0.0
1729156183.13879,0.0,0.0,0.0,0.0,0.0,0.0,0.0,0.0,0.0
1729156183.146787,0.0,0.0,0.0,0.0,0.0,0.0,0.0,0.0,0.0
1729156183.154627,0.0,0.0,0.0,0.0,0.0,0.0,0.0,0.0,0.0
1729156183.162994,0.0,0.0,0.0,0.0,0.0,0.0,0.0,0.0,0.0
1729156183.170729,0.0,0.0,0.0,0.0,0.0,0.0,0.0,0.0,0.0
1729156183.178486,0.0,0.0,0.0,0.0,0.0,0.0,0.0,0.0,0.0
1729156183.186582,0.0,0.0,0.0,0.0,0.0,0.0,0.0,0.0,0.0
1729156183.194798,0.0,0.0,0.0,0.0,0.0,0.0,0.0,0.0,0.0
1729156183.203064,0.0,0.0,0.0,0.0,0.0,0.0,0.0,0.0,0.0
1729156183.210474,0.0,0.0,0.0,0.0,0.0,0.0,0.0,0.0,0.0
1729156183.218667,0.0,0.0,0.0,0.0,0.0,0.0,0.0,0.0,0.0
1729156183.226456,0.0,0.0,0.0,0.0,0.0,0.0,0.0,0.0,0.0
1729156183.234772,0.0,0.0,0.0,0.0,0.0,0.0,0.0,0.0,0.0
1729156183.242699,0.0,0.0,0.0,0.0,0.0,0.0,0.0,0.0,0.0
1729156183.250967,0.0,0.0,0.0,0.0,0.0,0.0,0.0,0.0,0.0
1729156183.259264,0.0,0.0,0.0,0.0,0.0,0.0,0.0,0.0,0.0
1729156183.266695,0.0,0.0,0.0,0.0,0.0,0.0,0.0,0.0,0.0
1729156183.27441,0.0,0.0,0.0,0.0,0.0,0.0,0.0,0.0,0.0
1729156183.282419,0.0,0.0,0.0,0.0,0.0,0.0,0.0,0.0,0.0
1729156183.292399,0.0,0.0,0.0,0.0,0.0,0.0,0.0,0.0,0.0
1729156183.298396,0.0,0.0,0.0,0.0,0.0,0.0,0.0,0.0,0.0
1729156183.30642,0.0,0.0,0.0,0.0,0.0,0.0,0.0,0.0,0.0
1729156183.315726,0.0,0.0,0.0,0.0,0.0,0.0,0.0,0.0,0.0
1729156183.322799,0.0,0.0,0.0,0.0,0.0,0.0,0.0,0.0,0.0
1729156183.330566,0.0,0.0,0.0,0.0,0.0,0.0,0.0,0.0,0.0
1729156183.338487,0.0,0.0,0.0,0.0,0.0,0.0,0.0,0.0,0.0
1729156183.346624,0.0,0.0,0.0,0.0,0.0,0.0,0.0,0.0,0.0
1729156183.354553,0.0,0.0,0.0,0.0,0.0,0.0,0.0,0.0,0.0
1729156183.402009,0.0,0.0,0.0,0.0,0.0,0.0,0.0,0.0,0.0
1729156183.404041,0.0,0.0,0.0,0.0,0.0,0.0,0.0,0.0,0.0
1729156183.406068,0.0,0.0,0.0,0.0,0.0,0.0,0.0,0.0,0.0
1729156183.406377,0.0,0.0,0.0,0.0,0.0,0.0,0.0,0.0,0.0
1729156183.406658,0.0,0.0,0.0,0.0,0.0,0.0,0.0,0.0,0.0
1729156183.448685,0.0,0.0,0.0,0.0,0.0,0.0,0.0,0.0,0.0
1729156183.457586,0.0,0.0,0.0,0.0,0.0,0.0,0.0,0.0,0.0
1729156183.459381,0.0,0.0,0.0,0.0,0.0,0.0,0.0,0.0,0.0
1729156183.461109,0.0,0.0,0.0,0.0,0.0,0.0,0.0,0.0,0.0
1729156183.461339,0.0,0.0,0.0,0.0,0.0,0.0,0.0,0.0,0.0
1729156183.461553,0.0,0.0,0.0,0.0,0.0,0.0,0.0,0.0,0.0
1729156183.490684,0.0,0.0,0.0,0.0,0.0,0.0,0.0,0.0,0.0
1729156183.492545,0.0,0.0,0.0,0.0,0.0,0.0,0.0,0.0,0.0
1729156183.493254,0.0,0.0,0.0,0.0,0.0,0.0,0.0,0.0,0.0
1729156183.493562,0.0,0.0,0.0,0.0,0.0,0.0,0.0,0.0,0.0
1729156183.493913,0.0,0.0,0.0,0.0,0.0,0.0,0.0,0.0,0.0
1729156183.494308,0.0,0.0,0.0,0.0,0.0,0.0,0.0,0.0,0.0
1729156183.498543,0.0,0.0,0.0,0.0,0.0,0.0,0.0,0.0,0.0
1729156183.542092,0.0,0.0,0.0,0.0,0.0,0.0,0.0,0.0,0.0
1729156183.542458,0.0,0.0,0.0,0.0,0.0,0.0,0.0,0.0,0.0
1729156183.542768,0.0,0.0,0.0,0.0,0.0,0.0,0.0,0.0,0.0
1729156183.543041,0.0,0.0,0.0,0.0,0.0,0.0,0.0,0.0,0.0
1729156183.54331,0.0,0.0,0.0,0.0,0.0,0.0,0.0,0.0,0.0
1729156183.587243,0.0,0.0,0.0,0.0,0.0,0.0,0.0,0.0,0.0
1729156183.588964,0.0,0.0,0.0,0.0,0.0,0.0,0.0,0.0,0.0
1729156183.591741,0.0,0.0,0.0,0.0,0.0,0.0,0.0,0.0,0.0
1729156183.5935,0.0,0.0,0.0,0.0,0.0,0.0,0.0,0.0,0.0
1729156183.59541,0.0,0.0,0.0,0.0,0.0,0.0,0.0,0.0,0.0
1729156183.631997,0.0,0.0,0.0,0.0,0.0,0.0,0.0,0.0,0.0
1729156183.633919,0.0,0.0,0.0,0.0,0.0,0.0,0.0,0.0,0.0
1729156183.636209,0.0,0.0,0.0,0.0,0.0,0.0,0.0,0.0,0.0
1729156183.636925,0.0,0.0,0.0,0.0,0.0,0.0,0.0,0.0,0.0
1729156183.638892,0.0,0.0,0.0,0.0,0.0,0.0,0.0,0.0,0.0
1729156183.640523,0.0,0.0,0.0,0.0,0.0,0.0,0.0,0.0,0.0
1729156183.674012,0.0,0.0,0.0,0.0,0.0,0.0,0.0,0.0,0.0
1729156183.676858,0.0,0.0,0.0,0.0,0.0,0.0,0.0,0.0,0.0
1729156183.677697,0.0,0.0,0.0,0.0,0.0,0.0,0.0,0.0,0.0
1729156183.678009,0.0,0.0,0.0,0.0,0.0,0.0,0.0,0.0,0.0
1729156183.679046,0.0,0.0,0.0,0.0,0.0,0.0,0.0,0.0,0.0
1729156183.68066,0.0,0.0,0.0,0.0,0.0,0.0,0.0,0.0,0.0
1729156183.687087,0.0,0.0,0.0,0.0,0.0,0.0,0.0,0.0,0.0
1729156183.726699,0.0,0.0,0.0,0.0,0.0,0.0,0.0,0.0,0.0
1729156183.727329,0.0,0.0,0.0,0.0,0.0,0.0,0.0,0.0,0.0
1729156183.72763,0.0,0.0,0.0,0.0,0.0,0.0,0.0,0.0,0.0
1729156183.727921,0.0,0.0,0.0,0.0,0.0,0.0,0.0,0.0,0.0
1729156183.728207,0.0,0.0,0.0,0.0,0.0,0.0,0.0,0.0,0.0
1729156183.769983,0.0,0.0,0.0,0.0,0.0,0.0,0.0,0.0,0.0
1729156183.770362,0.0,0.0,0.0,0.0,0.0,0.0,0.0,0.0,0.0
1729156183.770584,0.0,0.0,0.0,0.0,0.0,0.0,0.0,0.0,0.0
1729156183.770807,0.0,0.0,0.0,0.0,0.0,0.0,0.0,0.0,0.0
1729156183.771032,0.0,0.0,0.0,0.0,0.0,0.0,0.0,0.0,0.0
1729156183.81399,0.0,0.0,0.0,0.0,0.0,0.0,0.0,0.0,0.0
1729156183.814299,0.0,0.0,0.0,0.0,0.0,0.0,0.0,0.0,0.0
1729156183.814545,0.0,0.0,0.0,0.0,0.0,0.0,0.0,0.0,0.0
1729156183.814864,0.0,0.0,0.0,0.0,0.0,0.0,0.0,0.0,0.0
1729156183.815148,0.0,0.0,0.0,0.0,0.0,0.0,0.0,0.0,0.0
1729156183.815428,0.0,0.0,0.0,0.0,0.0,0.0,0.0,0.0,0.0
1729156183.857993,0.0,0.0,0.0,0.0,0.0,0.0,0.0,0.0,0.0
1729156183.858717,0.0,0.0,0.0,0.0,0.0,0.0,0.0,0.0,0.0
1729156183.859184,0.0,0.0,0.0,0.0,0.0,0.0,0.0,0.0,0.0
1729156183.85972,0.0,0.0,0.0,0.0,0.0,0.0,0.0,0.0,0.0
1729156183.860278,0.0,0.0,0.0,0.0,0.0,0.0,0.0,0.0,0.0
1729156183.861193,0.0,0.0,0.0,0.0,0.0,0.0,0.0,0.0,0.0
1729156183.866356,0.0,0.0,0.0,0.0,0.0,0.0,0.0,0.0,0.0
1729156183.910426,0.0,0.0,0.0,0.0,0.0,0.0,0.0,0.0,0.0
1729156183.912127,0.0,0.0,0.0,0.0,0.0,0.0,0.0,0.0,0.0
1729156183.913889,0.0,0.0,0.0,0.0,0.0,0.0,0.0,0.0,0.0
1729156183.914423,0.0,0.0,0.0,0.0,0.0,0.0,0.0,0.0,0.0
1729156183.915695,0.0,0.0,0.0,0.0,0.0,0.0,0.0,0.0,0.0
1729156183.9545,0.0,0.0,0.0,0.0,0.0,0.0,0.0,0.0,0.0
1729156183.956349,0.0,0.0,0.0,0.0,0.0,0.0,0.0,0.0,0.0
1729156183.958399,0.0,0.0,0.0,0.0,0.0,0.0,0.0,0.0,0.0
1729156183.960184,0.0,0.0,0.0,0.0,0.0,0.0,0.0,0.0,0.0
1729156183.97097,0.0,0.0,0.0,0.0,0.0,0.0,0.0,0.0,0.0
1729156184.00245,0.0,0.0,0.0,0.0,0.0,0.0,0.0,0.0,0.0
1729156184.002732,0.0,0.0,0.0,0.0,0.0,0.0,0.0,0.0,0.0
1729156184.002908,0.0,0.0,0.0,0.0,0.0,0.0,0.0,0.0,0.0
1729156184.003075,0.0,0.0,0.0,0.0,0.0,0.0,0.0,0.0,0.0
1729156184.003251,0.0,0.0,0.0,0.0,0.0,0.0,0.0,0.0,0.0
1729156184.003416,0.0,0.0,0.0,0.0,0.0,0.0,0.0,0.0,0.0
1729156184.046515,0.0,0.0,0.0,0.0,0.0,0.0,0.0,0.0,0.0
1729156184.047549,0.0,0.0,0.0,0.0,0.0,0.0,0.0,0.0,0.0
1729156184.04803,0.0,0.0,0.0,0.0,0.0,0.0,0.0,0.0,0.0
1729156184.048204,0.0,0.0,0.0,0.0,0.0,0.0,0.0,0.0,0.0
1729156184.048372,0.0,0.0,0.0,0.0,0.0,0.0,0.0,0.0,0.0
1729156184.048534,0.0,0.0,0.0,0.0,0.0,0.0,0.0,0.0,0.0
1729156184.089964,0.0,0.0,0.0,0.0,0.0,0.0,0.0,0.0,0.0
1729156184.090279,0.0,0.0,0.0,0.0,0.0,0.0,0.0,0.0,0.0
1729156184.090572,0.0,0.0,0.0,0.0,0.0,0.0,0.0,0.0,0.0
1729156184.090869,0.0,0.0,0.0,0.0,0.0,0.0,0.0,0.0,0.0
1729156184.091156,0.0,0.0,0.0,0.0,0.0,0.0,0.0,0.0,0.0
1729156184.091538,0.0,0.0,0.0,0.0,0.0,0.0,0.0,0.0,0.0
1729156184.099188,0.0,0.0,0.0,0.0,0.0,0.0,0.0,0.0,0.0
1729156184.143718,0.0,0.0,0.0,0.0,0.0,0.0,0.0,0.0,0.0
1729156184.145934,0.0,0.0,0.0,0.0,0.0,0.0,0.0,0.0,0.0
1729156184.148565,0.0,0.0,0.0,0.0,0.0,0.0,0.0,0.0,0.0
1729156184.149372,0.0,0.0,0.0,0.0,0.0,0.0,0.0,0.0,0.0
1729156184.151783,0.0,0.0,0.0,0.0,0.0,0.0,0.0,0.0,0.0
1729156184.18704,0.0,0.0,0.0,0.0,0.0,0.0,0.0,0.0,0.0
1729156184.18758,0.0,0.0,0.0,0.0,0.0,0.0,0.0,0.0,0.0
1729156184.187804,0.0,0.0,0.0,0.0,0.0,0.0,0.0,0.0,0.0
1729156184.188013,0.0,0.0,0.0,0.0,0.0,0.0,0.0,0.0,0.0
1729156184.188214,0.0,0.0,0.0,0.0,0.0,0.0,0.0,0.0,0.0
1729156184.229937,0.0,0.0,0.0,0.0,0.0,0.0,0.0,0.0,0.0
1729156184.230207,0.0,0.0,0.0,0.0,0.0,0.0,0.0,0.0,0.0
1729156184.230472,0.0,0.0,0.0,0.0,0.0,0.0,0.0,0.0,0.0
1729156184.230732,0.0,0.0,0.0,0.0,0.0,0.0,0.0,0.0,0.0
1729156184.230937,0.0,0.0,0.0,0.0,0.0,0.0,0.0,0.0,0.0
1729156184.231138,0.0,0.0,0.0,0.0,0.0,0.0,0.0,0.0,0.0
1729156184.27408,0.0,0.0,0.0,0.0,0.0,0.0,0.0,0.0,0.0
1729156184.274826,0.0,0.0,0.0,0.0,0.0,0.0,0.0,0.0,0.0
1729156184.275864,0.0,0.0,0.0,0.0,0.0,0.0,0.0,0.0,0.0
1729156184.277275,0.0,0.0,0.0,0.0,0.0,0.0,0.0,0.0,0.0
1729156184.27972,0.0,0.0,0.0,0.0,0.0,0.0,0.0,0.0,0.0
1729156184.281806,0.0,0.0,0.0,0.0,0.0,0.0,0.0,0.0,0.0
1729156184.282396,0.0,0.0,0.0,0.0,0.0,0.0,0.0,0.0,0.0
1729156184.326075,0.0,0.0,0.0,0.0,0.0,0.0,0.0,0.0,0.0
1729156184.326588,0.0,0.0,0.0,0.0,0.0,0.0,0.0,0.0,0.0
1729156184.32687,0.0,0.0,0.0,0.0,0.0,0.0,0.0,0.0,0.0
1729156184.327145,0.0,0.0,0.0,0.0,0.0,0.0,0.0,0.0,0.0
1729156184.327418,0.0,0.0,0.0,0.0,0.0,0.0,0.0,0.0,0.0
1729156184.369924,0.0,0.0,0.0,0.0,0.0,0.0,0.0,0.0,0.0
1729156184.370442,0.0,0.0,0.0,0.0,0.0,0.0,0.0,0.0,0.0
1729156184.370653,0.0,0.0,0.0,0.0,0.0,0.0,0.0,0.0,0.0
1729156184.370853,0.0,0.0,0.0,0.0,0.0,0.0,0.0,0.0,0.0
1729156184.371051,0.0,0.0,0.0,0.0,0.0,0.0,0.0,0.0,0.0
1729156184.414021,0.0,0.0,0.0,0.0,0.0,0.0,0.0,0.0,0.0
1729156184.41459,0.0,0.0,0.0,0.0,0.0,0.0,0.0,0.0,0.0
1729156184.414901,0.0,0.0,0.0,0.0,0.0,0.0,0.0,0.0,0.0
1729156184.415185,0.0,0.0,0.0,0.0,0.0,0.0,0.0,0.0,0.0
1729156184.415461,0.0,0.0,0.0,0.0,0.0,0.0,0.0,0.0,0.0
1729156184.415743,0.0,0.0,0.0,0.0,0.0,0.0,0.0,0.0,0.0
1729156184.458518,0.0,0.0,0.0,0.0,0.0,0.0,0.0,0.0,0.0
1729156184.459047,0.0,0.0,0.0,0.0,0.0,0.0,0.0,0.0,0.0
1729156184.459335,0.0,0.0,0.0,0.0,0.0,0.0,0.0,0.0,0.0
1729156184.459622,0.0,0.0,0.0,0.0,0.0,0.0,0.0,0.0,0.0
1729156184.459916,0.0,0.0,0.0,0.0,0.0,0.0,0.0,0.0,0.0
1729156184.460296,0.0,0.0,0.0,0.0,0.0,0.0,0.0,0.0,0.0
1729156184.46639,0.0,0.0,0.0,0.0,0.0,0.0,0.0,0.0,0.0
1729156184.510214,0.0,0.0,0.0,0.0,0.0,0.0,0.0,0.0,0.0
1729156184.510556,0.0,0.0,0.0,0.0,0.0,0.0,0.0,0.0,0.0
1729156184.510849,0.0,0.0,0.0,0.0,0.0,0.0,0.0,0.0,0.0
1729156184.511144,0.0,0.0,0.0,0.0,0.0,0.0,0.0,0.0,0.0
1729156184.511421,0.0,0.0,0.0,0.0,0.0,0.0,0.0,0.0,0.0
1729156184.554037,0.0,0.0,0.0,0.0,0.0,0.0,0.0,0.0,0.0
1729156184.558042,0.0,0.0,0.0,0.0,0.0,0.0,0.0,0.0,0.0
1729156184.558348,0.0,0.0,0.0,0.0,0.0,0.0,0.0,0.0,0.0
1729156184.558637,0.0,0.0,0.0,0.0,0.0,0.0,0.0,0.0,0.0
1729156184.558909,0.0,0.0,0.0,0.0,0.0,0.0,0.0,0.0,0.0
1729156184.59851,0.0,0.0,0.0,0.0,0.0,0.0,0.0,0.0,0.0
1729156184.599755,0.0,0.0,0.0,0.0,0.0,0.0,0.0,0.0,0.0
1729156184.600235,0.0,0.0,0.0,0.0,0.0,0.0,0.0,0.0,0.0
1729156184.602373,0.0,0.0,0.0,0.0,0.0,0.0,0.0,0.0,0.0
1729156184.602928,0.0,0.0,0.0,0.0,0.0,0.0,0.0,0.0,0.0
1729156184.605049,0.0,0.0,0.0,0.0,0.0,0.0,0.0,0.0,0.0
1729156184.642136,0.0,0.0,0.0,0.0,0.0,0.0,0.0,0.0,0.0
1729156184.642623,0.0,0.0,0.0,0.0,0.0,0.0,0.0,0.0,0.0
1729156184.642931,0.0,0.0,0.0,0.0,0.0,0.0,0.0,0.0,0.0
1729156184.643215,0.0,0.0,0.0,0.0,0.0,0.0,0.0,0.0,0.0
1729156184.643485,0.0,0.0,0.0,0.0,0.0,0.0,0.0,0.0,0.0
1729156184.643869,0.0,0.0,0.0,0.0,0.0,0.0,0.0,0.0,0.0
1729156184.65039,0.0,0.0,0.0,0.0,0.0,0.0,0.0,0.0,0.0
1729156184.693971,0.0,0.0,0.0,0.0,0.0,0.0,0.0,0.0,0.0
1729156184.694286,0.0,0.0,0.0,0.0,0.0,0.0,0.0,0.0,0.0
1729156184.694563,0.0,0.0,0.0,0.0,0.0,0.0,0.0,0.0,0.0
1729156184.69483,0.0,0.0,0.0,0.0,0.0,0.0,0.0,0.0,0.0
1729156184.695103,0.0,0.0,0.0,0.0,0.0,0.0,0.0,0.0,0.0
1729156184.737965,0.0,0.0,0.0,0.0,0.0,0.0,0.0,0.0,0.0
1729156184.738299,0.0,0.0,0.0,0.0,0.0,0.0,0.0,0.0,0.0
1729156184.738592,0.0,0.0,0.0,0.0,0.0,0.0,0.0,0.0,0.0
1729156184.738885,0.0,0.0,0.0,0.0,0.0,0.0,0.0,0.0,0.0
1729156184.739313,0.0,0.0,0.0,0.0,0.0,0.0,0.0,0.0,0.0
1729156184.782206,0.0,0.0,0.0,0.0,0.0,0.0,0.0,0.0,0.0
1729156184.783447,0.0,0.0,0.0,0.0,0.0,0.0,0.0,0.0,0.0
1729156184.784696,0.0,0.0,0.0,0.0,0.0,0.0,0.0,0.0,0.0
1729156184.785015,0.0,0.0,0.0,0.0,0.0,0.0,0.0,0.0,0.0
1729156184.785234,0.0,0.0,0.0,0.0,0.0,0.0,0.0,0.0,0.0
1729156184.785421,0.0,0.0,0.0,0.0,0.0,0.0,0.0,0.0,0.0
1729156184.825972,0.0,0.0,0.0,0.0,0.0,0.0,0.0,0.0,0.0
1729156184.826354,0.0,0.0,0.0,0.0,0.0,0.0,0.0,0.0,0.0
1729156184.826649,0.0,0.0,0.0,0.0,0.0,0.0,0.0,0.0,0.0
1729156184.826955,0.0,0.0,0.0,0.0,0.0,0.0,0.0,0.0,0.0
1729156184.828365,0.0,0.0,0.0,0.0,0.0,0.0,0.0,0.0,0.0
1729156184.833449,0.0,0.0,0.0,0.0,0.0,0.0,0.0,0.0,0.0
1729156184.837174,0.0,0.0,0.0,0.0,0.0,0.0,0.0,0.0,0.0
1729156184.878293,0.0,0.0,0.0,0.0,0.0,0.0,0.0,0.0,0.0
1729156184.878574,0.0,0.0,0.0,0.0,0.0,0.0,0.0,0.0,0.0
1729156184.878781,0.0,0.0,0.0,0.0,0.0,0.0,0.0,0.0,0.0
1729156184.878981,0.0,0.0,0.0,0.0,0.0,0.0,0.0,0.0,0.0
1729156184.879184,0.0,0.0,0.0,0.0,0.0,0.0,0.0,0.0,0.0
1729156184.921978,0.0,0.0,0.0,0.0,0.0,0.0,0.0,0.0,0.0
1729156184.922755,0.0,0.0,0.0,0.0,0.0,0.0,0.0,0.0,0.0
1729156184.923033,0.0,0.0,0.0,0.0,0.0,0.0,0.0,0.0,0.0
1729156184.923264,0.0,0.0,0.0,0.0,0.0,0.0,0.0,0.0,0.0
1729156184.923577,0.0,0.0,0.0,0.0,0.0,0.0,0.0,0.0,0.0
1729156184.965921,0.0,0.0,0.0,0.0,0.0,0.0,0.0,0.0,0.0
1729156184.966168,0.0,0.0,0.0,0.0,0.0,0.0,0.0,0.0,0.0
1729156184.966371,0.0,0.0,0.0,0.0,0.0,0.0,0.0,0.0,0.0
1729156184.966569,0.0,0.0,0.0,0.0,0.0,0.0,0.0,0.0,0.0
1729156184.966764,0.0,0.0,0.0,0.0,0.0,0.0,0.0,0.0,0.0
1729156184.966965,0.0,0.0,0.0,0.0,0.0,0.0,0.0,0.0,0.0
1729156185.014003,0.0,0.0,0.0,0.0,0.0,0.0,0.0,0.0,0.0
1729156185.014353,0.0,0.0,0.0,0.0,0.0,0.0,0.0,0.0,0.0
1729156185.014626,0.0,0.0,0.0,0.0,0.0,0.0,0.0,0.0,0.0
1729156185.015013,0.0,0.0,0.0,0.0,0.0,0.0,0.0,0.0,0.0
1729156185.015312,0.0,0.0,0.0,0.0,0.0,0.0,0.0,0.0,0.0
1729156185.015604,0.0,0.0,0.0,0.0,0.0,0.0,0.0,0.0,0.0
1729156185.057914,0.0,0.0,0.0,0.0,0.0,0.0,0.0,0.0,0.0
1729156185.058461,0.0,0.0,0.0,0.0,0.0,0.0,0.0,0.0,0.0
1729156185.058678,0.0,0.0,0.0,0.0,0.0,0.0,0.0,0.0,0.0
1729156185.058883,0.0,0.0,0.0,0.0,0.0,0.0,0.0,0.0,0.0
1729156185.059084,0.0,0.0,0.0,0.0,0.0,0.0,0.0,0.0,0.0
1729156185.05936,0.0,0.0,0.0,0.0,0.0,0.0,0.0,0.0,0.0
1729156185.066396,0.0,0.0,0.0,0.0,0.0,0.0,0.0,0.0,0.0
1729156185.115848,0.0,0.0,0.0,0.0,0.0,0.0,0.0,0.0,0.0
1729156185.118311,0.0,0.0,0.0,0.0,0.0,0.0,0.0,0.0,0.0
1729156185.121475,0.0,0.0,0.0,0.0,0.0,0.0,0.0,0.0,0.0
1729156185.124817,0.0,0.0,0.0,0.0,0.0,0.0,0.0,0.0,0.0
1729156185.126998,0.0,0.0,0.0,0.0,0.0,0.0,0.0,0.0,0.0
1729156185.162077,0.0,0.0,0.0,0.0,0.0,0.0,0.0,0.0,0.0
1729156185.162838,0.0,0.0,0.0,0.0,0.0,0.0,0.0,0.0,0.0
1729156185.163649,0.0,0.0,0.0,0.0,0.0,0.0,0.0,0.0,0.0
1729156185.163952,0.0,0.0,0.0,0.0,0.0,0.0,0.0,0.0,0.0
1729156185.164169,0.0,0.0,0.0,0.0,0.0,0.0,0.0,0.0,0.0
1729156185.16438,0.0,0.0,0.0,0.0,0.0,0.0,0.0,0.0,0.0
1729156185.205944,0.0,0.0,0.0,0.0,0.0,0.0,0.0,0.0,0.0
1729156185.206193,0.0,0.0,0.0,0.0,0.0,0.0,0.0,0.0,0.0
1729156185.206397,0.0,0.0,0.0,0.0,0.0,0.0,0.0,0.0,0.0
1729156185.206597,0.0,0.0,0.0,0.0,0.0,0.0,0.0,0.0,0.0
1729156185.206793,0.0,0.0,0.0,0.0,0.0,0.0,0.0,0.0,0.0
1729156185.206991,0.0,0.0,0.0,0.0,0.0,0.0,0.0,0.0,0.0
1729156185.249971,0.0,0.0,0.0,0.0,0.0,0.0,0.0,0.0,0.0
1729156185.250526,0.0,0.0,0.0,0.0,0.0,0.0,0.0,0.0,0.0
1729156185.250809,0.0,0.0,0.0,0.0,0.0,0.0,0.0,0.0,0.0
1729156185.251078,0.0,0.0,0.0,0.0,0.0,0.0,0.0,0.0,0.0
1729156185.251343,0.0,0.0,0.0,0.0,0.0,0.0,0.0,0.0,0.0
1729156185.25171,0.0,0.0,0.0,0.0,0.0,0.0,0.0,0.0,0.0
1729156185.259495,0.0,0.0,0.0,0.0,0.0,0.0,0.0,0.0,0.0
1729156185.30193,0.0,0.0,0.0,0.0,0.0,0.0,0.0,0.0,0.0
1729156185.302179,0.0,0.0,0.0,0.0,0.0,0.0,0.0,0.0,0.0
1729156185.302392,0.0,0.0,0.0,0.0,0.0,0.0,0.0,0.0,0.0
1729156185.302599,0.0,0.0,0.0,0.0,0.0,0.0,0.0,0.0,0.0
1729156185.302821,0.0,0.0,0.0,0.0,0.0,0.0,0.0,0.0,0.0
1729156185.346613,0.0,0.0,0.0,0.0,0.0,0.0,0.0,0.0,0.0
1729156185.347929,0.0,0.0,0.0,0.0,0.0,0.0,0.0,0.0,0.0
1729156185.348542,0.0,0.0,0.0,0.0,0.0,0.0,0.0,0.0,0.0
1729156185.349202,0.0,0.0,0.0,0.0,0.0,0.0,0.0,0.0,0.0
1729156185.34946,0.0,0.0,0.0,0.0,0.0,0.0,0.0,0.0,0.0
1729156185.389922,0.0,0.0,0.0,0.0,0.0,0.0,0.0,0.0,0.0
1729156185.390174,0.0,0.0,0.0,0.0,0.0,0.0,0.0,0.0,0.0
1729156185.390377,0.0,0.0,0.0,0.0,0.0,0.0,0.0,0.0,0.0
1729156185.39058,0.0,0.0,0.0,0.0,0.0,0.0,0.0,0.0,0.0
1729156185.390777,0.0,0.0,0.0,0.0,0.0,0.0,0.0,0.0,0.0
1729156185.390971,0.0,0.0,0.0,0.0,0.0,0.0,0.0,0.0,0.0
1729156185.434004,0.0,0.0,0.0,0.0,0.0,0.0,0.0,0.0,0.0
1729156185.434573,0.0,0.0,0.0,0.0,0.0,0.0,0.0,0.0,0.0
1729156185.434855,0.0,0.0,0.0,0.0,0.0,0.0,0.0,0.0,0.0
1729156185.435126,0.0,0.0,0.0,0.0,0.0,0.0,0.0,0.0,0.0
1729156185.435398,0.0,0.0,0.0,0.0,0.0,0.0,0.0,0.0,0.0
1729156185.435769,0.0,0.0,0.0,0.0,0.0,0.0,0.0,0.0,0.0
1729156185.443059,0.0,0.0,0.0,0.0,0.0,0.0,0.0,0.0,0.0
1729156185.486121,0.0,0.0,0.0,0.0,0.0,0.0,0.0,0.0,0.0
1729156185.487761,0.0,0.0,0.0,0.0,0.0,0.0,0.0,0.0,0.0
1729156185.488772,0.0,0.0,0.0,0.0,0.0,0.0,0.0,0.0,0.0
1729156185.490166,0.0,0.0,0.0,0.0,0.0,0.0,0.0,0.0,0.0
1729156185.492397,0.0,0.0,0.0,0.0,0.0,0.0,0.0,0.0,0.0
1729156185.530001,0.0,0.0,0.0,0.0,0.0,0.0,0.0,0.0,0.0
1729156185.536184,0.0,0.0,0.0,0.0,0.0,0.0,0.0,0.0,0.0
1729156185.542869,0.0,0.0,0.0,0.0,0.0,0.0,0.0,0.0,0.0
1729156185.547589,0.0,0.0,0.0,0.0,0.0,0.0,0.0,0.0,0.0
1729156185.550225,0.0,0.0,0.0,0.0,0.0,0.0,0.0,0.0,0.0
1729156185.574417,0.0,0.0,0.0,0.0,0.0,0.0,0.0,0.0,0.0
1729156185.57696,0.0,0.0,0.0,0.0,0.0,0.0,0.0,0.0,0.0
1729156185.579402,0.0,0.0,0.0,0.0,0.0,0.0,0.0,0.0,0.0
1729156185.581182,0.0,0.0,0.0,0.0,0.0,0.0,0.0,0.0,0.0
1729156185.583735,0.0,0.0,0.0,0.0,0.0,0.0,0.0,0.0,0.0
1729156185.584669,0.0,0.0,0.0,0.0,0.0,0.0,0.0,0.0,0.0
1729156185.618165,0.0,0.0,0.0,0.0,0.0,0.0,0.0,0.0,0.0
1729156185.619845,0.0,0.0,0.0,0.0,0.0,0.0,0.0,0.0,0.0
1729156185.622461,0.0,0.0,0.0,0.0,0.0,0.0,0.0,0.0,0.0
1729156185.624321,0.0,0.0,0.0,0.0,0.0,0.0,0.0,0.0,0.0
1729156185.635303,0.0,0.0,0.0,0.0,0.0,0.0,0.0,0.0,0.0
1729156185.645221,0.0,0.0,0.0,0.0,0.0,0.0,0.0,0.0,0.0
1729156185.64712,0.0,0.0,0.0,0.0,0.0,0.0,0.0,0.0,0.0
1729156185.649377,0.0,0.0,0.0,0.0,0.0,0.0,0.0,0.0,0.0
1729156185.650915,0.0,0.0,0.0,0.0,0.0,0.0,0.0,0.0,0.0
1729156185.655198,0.0,0.0,0.0,0.0,0.0,0.0,0.0,0.0,0.0
1729156185.658999,0.0,0.0,0.0,0.0,0.0,0.0,0.0,0.0,0.0
1729156185.702181,0.0,0.0,0.0,0.0,0.0,0.0,0.0,0.0,0.0
1729156185.704168,0.0,0.0,0.0,0.0,0.0,0.0,0.0,0.0,0.0
1729156185.705625,0.0,0.0,0.0,0.0,0.0,0.0,0.0,0.0,0.0
1729156185.707443,0.0,0.0,0.0,0.0,0.0,0.0,0.0,0.0,0.0
1729156185.708661,0.0,0.0,0.0,0.0,0.0,0.0,0.0,0.0,0.0
1729156185.746808,0.0,0.0,0.0,0.0,0.0,0.0,0.0,0.0,0.0
1729156185.748359,0.0,0.0,0.0,0.0,0.0,0.0,0.0,0.0,0.0
1729156185.753115,0.0,0.0,0.0,0.0,0.0,0.0,0.0,0.0,0.0
1729156185.754167,0.0,0.0,0.0,0.0,0.0,0.0,0.0,0.0,0.0
1729156185.756345,0.0,0.0,0.0,0.0,0.0,0.0,0.0,0.0,0.0
1729156185.790513,0.0,0.0,0.0,0.0,0.0,0.0,0.0,0.0,0.0
1729156185.792011,0.0,0.0,0.0,0.0,0.0,0.0,0.0,0.0,0.0
1729156185.793306,0.0,0.0,0.0,0.0,0.0,0.0,0.0,0.0,0.0
1729156185.794122,0.0,0.0,0.0,0.0,0.0,0.0,0.0,0.0,0.0
1729156185.795107,0.0,0.0,0.0,0.0,0.0,0.0,0.0,0.0,0.0
1729156185.796317,0.0,0.0,0.0,0.0,0.0,0.0,0.0,0.0,0.0
1729156185.834449,0.0,0.0,0.0,0.0,0.0,0.0,0.0,0.0,0.0
1729156185.841544,0.0,0.0,0.0,0.0,0.0,0.0,0.0,0.0,0.0
1729156185.846464,0.0,0.0,0.0,0.0,0.0,0.0,0.0,0.0,0.0
1729156185.849274,0.0,0.0,0.0,0.0,0.0,0.0,0.0,0.0,0.0
1729156185.851165,0.0,0.0,0.0,0.0,0.0,0.0,0.0,0.0,0.0
1729156185.854004,0.0,0.0,0.0,0.0,0.0,0.0,0.0,0.0,0.0
1729156185.857378,0.0,0.0,0.0,0.0,0.0,0.0,0.0,0.0,0.0
1729156185.861416,0.0,0.0,0.0,0.0,0.0,0.0,0.0,0.0,0.0
1729156185.86543,0.0,0.0,0.0,0.0,0.0,0.0,0.0,0.0,0.0
1729156185.867656,0.0,0.0,0.0,0.0,0.0,0.0,0.0,0.0,0.0
1729156185.910557,0.0,0.0,0.0,0.0,0.0,0.0,0.0,0.0,0.0
1729156185.913118,0.0,0.0,0.0,0.0,0.0,0.0,0.0,0.0,0.0
1729156185.91457,0.0,0.0,0.0,0.0,0.0,0.0,0.0,0.0,0.0
1729156185.917103,0.0,0.0,0.0,0.0,0.0,0.0,0.0,0.0,0.0
1729156185.918757,0.0,0.0,0.0,0.0,0.0,0.0,0.0,0.0,0.0
1729156185.955034,0.0,0.0,0.0,0.0,0.0,0.0,0.0,0.0,0.0
1729156185.956899,0.0,0.0,0.0,0.0,0.0,0.0,0.0,0.0,0.0
1729156185.959035,0.0,0.0,0.0,0.0,0.0,0.0,0.0,0.0,0.0
1729156185.960982,0.0,0.0,0.0,0.0,0.0,0.0,0.0,0.0,0.0
1729156185.964365,0.0,0.0,0.0,0.0,0.0,0.0,0.0,0.0,0.0
1729156185.998205,0.0,0.0,0.0,0.0,0.0,0.0,0.0,0.0,0.0
1729156185.998487,0.0,0.0,0.0,0.0,0.0,0.0,0.0,0.0,0.0
1729156185.998719,0.0,0.0,0.0,0.0,0.0,0.0,0.0,0.0,0.0
1729156185.998929,0.0,0.0,0.0,0.0,0.0,0.0,0.0,0.0,0.0
1729156185.999139,0.0,0.0,0.0,0.0,0.0,0.0,0.0,0.0,0.0
1729156185.999343,0.0,0.0,0.0,0.0,0.0,0.0,0.0,0.0,0.0
1729156186.042073,0.0,0.0,0.0,0.0,0.0,0.0,0.0,0.0,0.0
1729156186.043435,0.0,0.0,0.0,0.0,0.0,0.0,0.0,0.0,0.0
1729156186.04499,0.0,0.0,0.0,0.0,0.0,0.0,0.0,0.0,0.0
1729156186.04687,0.0,0.0,0.0,0.0,0.0,0.0,0.0,0.0,0.0
1729156186.047198,0.0,0.0,0.0,0.0,0.0,0.0,0.0,0.0,0.0
1729156186.048565,0.0,0.0,0.0,0.0,0.0,0.0,0.0,0.0,0.0
1729156186.050853,0.0,0.0,0.0,0.0,0.0,0.0,0.0,0.0,0.0
1729156186.09395,0.0,0.0,0.0,0.0,0.0,0.0,0.0,0.0,0.0
1729156186.094313,0.0,0.0,0.0,0.0,0.0,0.0,0.0,0.0,0.0
1729156186.094609,0.0,0.0,0.0,0.0,0.0,0.0,0.0,0.0,0.0
1729156186.094898,0.0,0.0,0.0,0.0,0.0,0.0,0.0,0.0,0.0
1729156186.095185,0.0,0.0,0.0,0.0,0.0,0.0,0.0,0.0,0.0
1729156186.13827,0.0,0.0,0.0,0.0,0.0,0.0,0.0,0.0,0.0
1729156186.138789,0.0,0.0,0.0,0.0,0.0,0.0,0.0,0.0,0.0
1729156186.139733,0.0,0.0,0.0,0.0,0.0,0.0,0.0,0.0,0.0
1729156186.140494,0.0,0.0,0.0,0.0,0.0,0.0,0.0,0.0,0.0
1729156186.140794,0.0,0.0,0.0,0.0,0.0,0.0,0.0,0.0,0.0
1729156186.182187,0.0,0.0,0.0,0.0,0.0,0.0,0.0,0.0,0.0
1729156186.182682,0.0,0.0,0.0,0.0,0.0,0.0,0.0,0.0,0.0
1729156186.182978,0.0,0.0,0.0,0.0,0.0,0.0,0.0,0.0,0.0
1729156186.183272,0.0,0.0,0.0,0.0,0.0,0.0,0.0,0.0,0.0
1729156186.188226,0.0,0.0,0.0,0.0,0.0,0.0,0.0,0.0,0.0
1729156186.18857,0.0,0.0,0.0,0.0,0.0,0.0,0.0,0.0,0.0
1729156186.226252,0.0,0.0,0.0,0.0,0.0,0.0,0.0,0.0,0.0
1729156186.226571,0.0,0.0,0.0,0.0,0.0,0.0,0.0,0.0,0.0
1729156186.226857,0.0,0.0,0.0,0.0,0.0,0.0,0.0,0.0,0.0
1729156186.227142,0.0,0.0,0.0,0.0,0.0,0.0,0.0,0.0,0.0
1729156186.227421,0.0,0.0,0.0,0.0,0.0,0.0,0.0,0.0,0.0
1729156186.227787,0.0,0.0,0.0,0.0,0.0,0.0,0.0,0.0,0.0
1729156186.234892,0.0,0.0,0.0,0.0,0.0,0.0,0.0,0.0,0.0
1729156186.278488,0.0,0.0,0.0,0.0,0.0,0.0,0.0,0.0,0.0
1729156186.278962,0.0,0.0,0.0,0.0,0.0,0.0,0.0,0.0,0.0
1729156186.279253,0.0,0.0,0.0,0.0,0.0,0.0,0.0,0.0,0.0
1729156186.279544,0.0,0.0,0.0,0.0,0.0,0.0,0.0,0.0,0.0
1729156186.27983,0.0,0.0,0.0,0.0,0.0,0.0,0.0,0.0,0.0
1729156186.323454,0.0,0.0,0.0,0.0,0.0,0.0,0.0,0.0,0.0
1729156186.326499,0.0,0.0,0.0,0.0,0.0,0.0,0.0,0.0,0.0
1729156186.32781,0.0,0.0,0.0,0.0,0.0,0.0,0.0,0.0,0.0
1729156186.329615,0.0,0.0,0.0,0.0,0.0,0.0,0.0,0.0,0.0
1729156186.330146,0.0,0.0,0.0,0.0,0.0,0.0,0.0,0.0,0.0
1729156186.366258,0.0,0.0,0.0,0.0,0.0,0.0,0.0,0.0,0.0
1729156186.367148,0.0,0.0,0.0,0.0,0.0,0.0,0.0,0.0,0.0
1729156186.367841,0.0,0.0,0.0,0.0,0.0,0.0,0.0,0.0,0.0
1729156186.368513,0.0,0.0,0.0,0.0,0.0,0.0,0.0,0.0,0.0
1729156186.369351,0.0,0.0,0.0,0.0,0.0,0.0,0.0,0.0,0.0
1729156186.370162,0.0,0.0,0.0,0.0,0.0,0.0,0.0,0.0,0.0
1729156186.410742,0.0,0.0,0.0,0.0,0.0,0.0,0.0,0.0,0.0
1729156186.412217,0.0,0.0,0.0,0.0,0.0,0.0,0.0,0.0,0.0
1729156186.41258,0.0,0.0,0.0,0.0,0.0,0.0,0.0,0.0,0.0
1729156186.412857,0.0,0.0,0.0,0.0,0.0,0.0,0.0,0.0,0.0
1729156186.413132,0.0,0.0,0.0,0.0,0.0,0.0,0.0,0.0,0.0
1729156186.413514,0.0,0.0,0.0,0.0,0.0,0.0,0.0,0.0,0.0
1729156186.418551,0.0,0.0,0.0,0.0,0.0,0.0,0.0,0.0,0.0
1729156186.465911,0.0,0.0,0.0,0.0,0.0,0.0,0.0,0.0,0.0
1729156186.466343,0.0,0.0,0.0,0.0,0.0,0.0,0.0,0.0,0.0
1729156186.466556,0.0,0.0,0.0,0.0,0.0,0.0,0.0,0.0,0.0
1729156186.466757,0.0,0.0,0.0,0.0,0.0,0.0,0.0,0.0,0.0
1729156186.466954,0.0,0.0,0.0,0.0,0.0,0.0,0.0,0.0,0.0
1729156186.510019,0.0,0.0,0.0,0.0,0.0,0.0,0.0,0.0,0.0
1729156186.510375,0.0,0.0,0.0,0.0,0.0,0.0,0.0,0.0,0.0
1729156186.510654,0.0,0.0,0.0,0.0,0.0,0.0,0.0,0.0,0.0
1729156186.51092,0.0,0.0,0.0,0.0,0.0,0.0,0.0,0.0,0.0
1729156186.511157,0.0,0.0,0.0,0.0,0.0,0.0,0.0,0.0,0.0
1729156186.511432,0.0,0.0,0.0,0.0,0.0,0.0,0.0,0.0,0.0
1729156186.557928,0.0,0.0,0.0,0.0,0.0,0.0,0.0,0.0,0.0
1729156186.558181,0.0,0.0,0.0,0.0,0.0,0.0,0.0,0.0,0.0
1729156186.558386,0.0,0.0,0.0,0.0,0.0,0.0,0.0,0.0,0.0
1729156186.558586,0.0,0.0,0.0,0.0,0.0,0.0,0.0,0.0,0.0
1729156186.558796,0.0,0.0,0.0,0.0,0.0,0.0,0.0,0.0,0.0
1729156186.558993,0.0,0.0,0.0,0.0,0.0,0.0,0.0,0.0,0.0
1729156186.601996,0.0,0.0,0.0,0.0,0.0,0.0,0.0,0.0,0.0
1729156186.60367,0.0,0.0,0.0,0.0,0.0,0.0,0.0,0.0,0.0
1729156186.604862,0.0,0.0,0.0,0.0,0.0,0.0,0.0,0.0,0.0
1729156186.606184,0.0,0.0,0.0,0.0,0.0,0.0,0.0,0.0,0.0
1729156186.606404,0.0,0.0,0.0,0.0,0.0,0.0,0.0,0.0,0.0
1729156186.606685,0.0,0.0,0.0,0.0,0.0,0.0,0.0,0.0,0.0
1729156186.61125,0.0,0.0,0.0,0.0,0.0,0.0,0.0,0.0,0.0
1729156186.654018,0.0,0.0,0.0,0.0,0.0,0.0,0.0,0.0,0.0
1729156186.655356,0.0,0.0,0.0,0.0,0.0,0.0,0.0,0.0,0.0
1729156186.656407,0.0,0.0,0.0,0.0,0.0,0.0,0.0,0.0,0.0
1729156186.65673,0.0,0.0,0.0,0.0,0.0,0.0,0.0,0.0,0.0
1729156186.657192,0.0,0.0,0.0,0.0,0.0,0.0,0.0,0.0,0.0
1729156186.698072,0.0,0.0,0.0,0.0,0.0,0.0,0.0,0.0,0.0
1729156186.698394,0.0,0.0,0.0,0.0,0.0,0.0,0.0,0.0,0.0
1729156186.69869,0.0,0.0,0.0,0.0,0.0,0.0,0.0,0.0,0.0
1729156186.69898,0.0,0.0,0.0,0.0,0.0,0.0,0.0,0.0,0.0
1729156186.699258,0.0,0.0,0.0,0.0,0.0,0.0,0.0,0.0,0.0
1729156186.742384,0.0,0.0,0.0,0.0,0.0,0.0,0.0,0.0,0.0
1729156186.743837,0.0,0.0,0.0,0.0,0.0,0.0,0.0,0.0,0.0
1729156186.744865,0.0,0.0,0.0,0.0,0.0,0.0,0.0,0.0,0.0
1729156186.746244,0.0,0.0,0.0,0.0,0.0,0.0,0.0,0.0,0.0
1729156186.746711,0.0,0.0,0.0,0.0,0.0,0.0,0.0,0.0,0.0
1729156186.747805,0.0,0.0,0.0,0.0,0.0,0.0,0.0,0.0,0.0
1729156186.786031,0.0,0.0,0.0,0.0,0.0,0.0,0.0,0.0,0.0
1729156186.788183,0.0,0.0,0.0,0.0,0.0,0.0,0.0,0.0,0.0
1729156186.788629,0.0,0.0,0.0,0.0,0.0,0.0,0.0,0.0,0.0
1729156186.788938,0.0,0.0,0.0,0.0,0.0,0.0,0.0,0.0,0.0
1729156186.789213,0.0,0.0,0.0,0.0,0.0,0.0,0.0,0.0,0.0
1729156186.789521,0.0,0.0,0.0,0.0,0.0,0.0,0.0,0.0,0.0
1729156186.795157,0.0,0.0,0.0,0.0,0.0,0.0,0.0,0.0,0.0
1729156186.838278,0.0,0.0,0.0,0.0,0.0,0.0,0.0,0.0,0.0
1729156186.83985,0.0,0.0,0.0,0.0,0.0,0.0,0.0,0.0,0.0
1729156186.841291,0.0,0.0,0.0,0.0,0.0,0.0,0.0,0.0,0.0
1729156186.847965,0.0,0.0,0.0,0.0,0.0,0.0,0.0,0.0,0.0
1729156186.852359,0.0,0.0,0.0,0.0,0.0,0.0,0.0,0.0,0.0
1729156186.882207,0.0,0.0,0.0,0.0,0.0,0.0,0.0,0.0,0.0
1729156186.884043,0.0,0.0,0.0,0.0,0.0,0.0,0.0,0.0,0.0
1729156186.888357,0.0,0.0,0.0,0.0,0.0,0.0,0.0,0.0,0.0
1729156186.889848,0.0,0.0,0.0,0.0,0.0,0.0,0.0,0.0,0.0
1729156186.890749,0.0,0.0,0.0,0.0,0.0,0.0,0.0,0.0,0.0
1729156186.92608,0.0,0.0,0.0,0.0,0.0,0.0,0.0,0.0,0.0
1729156186.927365,0.0,0.0,0.0,0.0,0.0,0.0,0.0,0.0,0.0
1729156186.928616,0.0,0.0,0.0,0.0,0.0,0.0,0.0,0.0,0.0
1729156186.929908,0.0,0.0,0.0,0.0,0.0,0.0,0.0,0.0,0.0
1729156186.931207,0.0,0.0,0.0,0.0,0.0,0.0,0.0,0.0,0.0
1729156186.932431,0.0,0.0,0.0,0.0,0.0,0.0,0.0,0.0,0.0
1729156186.970534,0.0,0.0,0.0,0.0,0.0,0.0,0.0,0.0,0.0
1729156186.970813,0.0,0.0,0.0,0.0,0.0,0.0,0.0,0.0,0.0
1729156186.971102,0.0,0.0,0.0,0.0,0.0,0.0,0.0,0.0,0.0
1729156186.97138,0.0,0.0,0.0,0.0,0.0,0.0,0.0,0.0,0.0
1729156186.971652,0.0,0.0,0.0,0.0,0.0,0.0,0.0,0.0,0.0
1729156186.972018,0.0,0.0,0.0,0.0,0.0,0.0,0.0,0.0,0.0
1729156186.978375,0.0,0.0,0.0,0.0,0.0,0.0,0.0,0.0,0.0
1729156187.022223,0.0,0.0,0.0,0.0,0.0,0.0,0.0,0.0,0.0
1729156187.022649,0.0,0.0,0.0,0.0,0.0,0.0,0.0,0.0,0.0
1729156187.022941,0.0,0.0,0.0,0.0,0.0,0.0,0.0,0.0,0.0
1729156187.023231,0.0,0.0,0.0,0.0,0.0,0.0,0.0,0.0,0.0
1729156187.023508,0.0,0.0,0.0,0.0,0.0,0.0,0.0,0.0,0.0
1729156187.066019,0.0,0.0,0.0,0.0,0.0,0.0,0.0,0.0,0.0
1729156187.066465,0.0,0.0,0.0,0.0,0.0,0.0,0.0,0.0,0.0
1729156187.066652,0.0,0.0,0.0,0.0,0.0,0.0,0.0,0.0,0.0
1729156187.066843,0.0,0.0,0.0,0.0,0.0,0.0,0.0,0.0,0.0
1729156187.06701,0.0,0.0,0.0,0.0,0.0,0.0,0.0,0.0,0.0
1729156187.110051,0.0,0.0,0.0,0.0,0.0,0.0,0.0,0.0,0.0
1729156187.110366,0.0,0.0,0.0,0.0,0.0,0.0,0.0,0.0,0.0
1729156187.110652,0.0,0.0,0.0,0.0,0.0,0.0,0.0,0.0,0.0
1729156187.110939,0.0,0.0,0.0,0.0,0.0,0.0,0.0,0.0,0.0
1729156187.111228,0.0,0.0,0.0,0.0,0.0,0.0,0.0,0.0,0.0
1729156187.111522,0.0,0.0,0.0,0.0,0.0,0.0,0.0,0.0,0.0
1729156187.154024,0.0,0.0,0.0,0.0,0.0,0.0,0.0,0.0,0.0
1729156187.15627,0.0,0.0,0.0,0.0,0.0,0.0,0.0,0.0,0.0
1729156187.159801,0.0,0.0,0.0,0.0,0.0,0.0,0.0,0.0,0.0
1729156187.164416,0.0,0.0,0.0,0.0,0.0,0.0,0.0,0.0,0.0
1729156187.165062,0.0,0.0,0.0,0.0,0.0,0.0,0.0,0.0,0.0
1729156187.165509,0.0,0.0,0.0,0.0,0.0,0.0,0.0,0.0,0.0
1729156187.165922,0.0,0.0,0.0,0.0,0.0,0.0,0.0,0.0,0.0
1729156187.205954,0.0,0.0,0.0,0.0,0.0,0.0,0.0,0.0,0.0
1729156187.206275,0.0,0.0,0.0,0.0,0.0,0.0,0.0,0.0,0.0
1729156187.206542,0.0,0.0,0.0,0.0,0.0,0.0,0.0,0.0,0.0
1729156187.206823,0.0,0.0,0.0,0.0,0.0,0.0,0.0,0.0,0.0
1729156187.207099,0.0,0.0,0.0,0.0,0.0,0.0,0.0,0.0,0.0
1729156187.249986,0.0,0.0,0.0,0.0,0.0,0.0,0.0,0.0,0.0
1729156187.250323,0.0,0.0,0.0,0.0,0.0,0.0,0.0,0.0,0.0
1729156187.250617,0.0,0.0,0.0,0.0,0.0,0.0,0.0,0.0,0.0
1729156187.250899,0.0,0.0,0.0,0.0,0.0,0.0,0.0,0.0,0.0
1729156187.251184,0.0,0.0,0.0,0.0,0.0,0.0,0.0,0.0,0.0
1729156187.29399,0.0,0.0,0.0,0.0,0.0,0.0,0.0,0.0,0.0
1729156187.29432,0.0,0.0,0.0,0.0,0.0,0.0,0.0,0.0,0.0
1729156187.294612,0.0,0.0,0.0,0.0,0.0,0.0,0.0,0.0,0.0
1729156187.294899,0.0,0.0,0.0,0.0,0.0,0.0,0.0,0.0,0.0
1729156187.295184,0.0,0.0,0.0,0.0,0.0,0.0,0.0,0.0,0.0
1729156187.295477,0.0,0.0,0.0,0.0,0.0,0.0,0.0,0.0,0.0
1729156187.338002,0.0,0.0,0.0,0.0,0.0,0.0,0.0,0.0,0.0
1729156187.338355,0.0,0.0,0.0,0.0,0.0,0.0,0.0,0.0,0.0
1729156187.338649,0.0,0.0,0.0,0.0,0.0,0.0,0.0,0.0,0.0
1729156187.338936,0.0,0.0,0.0,0.0,0.0,0.0,0.0,0.0,0.0
1729156187.33922,0.0,0.0,0.0,0.0,0.0,0.0,0.0,0.0,0.0
1729156187.339585,0.0,0.0,0.0,0.0,0.0,0.0,0.0,0.0,0.0
1729156187.346984,0.0,0.0,0.0,0.0,0.0,0.0,0.0,0.0,0.0
1729156187.389969,0.0,0.0,0.0,0.0,0.0,0.0,0.0,0.0,0.0
1729156187.390301,0.0,0.0,0.0,0.0,0.0,0.0,0.0,0.0,0.0
1729156187.390724,0.0,0.0,0.0,0.0,0.0,0.0,0.0,0.0,0.0
1729156187.391289,0.0,0.0,0.0,0.0,0.0,0.0,0.0,0.0,0.0
1729156187.391839,0.0,0.0,0.0,0.0,0.0,0.0,0.0,0.0,0.0
1729156187.433953,0.0,0.0,0.0,0.0,0.0,0.0,0.0,0.0,0.0
1729156187.434297,0.0,0.0,0.0,0.0,0.0,0.0,0.0,0.0,0.0
1729156187.434599,0.0,0.0,0.0,0.0,0.0,0.0,0.0,0.0,0.0
1729156187.434889,0.0,0.0,0.0,0.0,0.0,0.0,0.0,0.0,0.0
1729156187.435185,0.0,0.0,0.0,0.0,0.0,0.0,0.0,0.0,0.0
1729156187.478032,0.0,0.0,0.0,0.0,0.0,0.0,0.0,0.0,0.0
1729156187.478376,0.0,0.0,0.0,0.0,0.0,0.0,0.0,0.0,0.0
1729156187.478675,0.0,0.0,0.0,0.0,0.0,0.0,0.0,0.0,0.0
1729156187.478971,0.0,0.0,0.0,0.0,0.0,0.0,0.0,0.0,0.0
1729156187.479448,0.0,0.0,0.0,0.0,0.0,0.0,0.0,0.0,0.0
1729156187.479747,0.0,0.0,0.0,0.0,0.0,0.0,0.0,0.0,0.0
1729156187.521965,0.0,0.0,0.0,0.0,0.0,0.0,0.0,0.0,0.0
1729156187.522287,0.0,0.0,0.0,0.0,0.0,0.0,0.0,0.0,0.0
1729156187.522577,0.0,0.0,0.0,0.0,0.0,0.0,0.0,0.0,0.0
1729156187.522853,0.0,0.0,0.0,0.0,0.0,0.0,0.0,0.0,0.0
1729156187.523154,0.0,0.0,0.0,0.0,0.0,0.0,0.0,0.0,0.0
1729156187.523536,0.0,0.0,0.0,0.0,0.0,0.0,0.0,0.0,0.0
1729156187.530409,0.0,0.0,0.0,0.0,0.0,0.0,0.0,0.0,0.0
1729156187.574005,0.0,0.0,0.0,0.0,0.0,0.0,0.0,0.0,0.0
1729156187.574355,0.0,0.0,0.0,0.0,0.0,0.0,0.0,0.0,0.0
1729156187.574665,0.0,0.0,0.0,0.0,0.0,0.0,0.0,0.0,0.0
1729156187.574968,0.0,0.0,0.0,0.0,0.0,0.0,0.0,0.0,0.0
1729156187.575269,0.0,0.0,0.0,0.0,0.0,0.0,0.0,0.0,0.0
1729156187.61797,0.0,0.0,0.0,0.0,0.0,0.0,0.0,0.0,0.0
1729156187.618318,0.0,0.0,0.0,0.0,0.0,0.0,0.0,0.0,0.0
1729156187.618623,0.0,0.0,0.0,0.0,0.0,0.0,0.0,0.0,0.0
1729156187.618927,0.0,0.0,0.0,0.0,0.0,0.0,0.0,0.0,0.0
1729156187.61923,0.0,0.0,0.0,0.0,0.0,0.0,0.0,0.0,0.0
1729156187.663704,0.0,0.0,0.0,0.0,0.0,0.0,0.0,0.0,0.0
1729156187.664838,0.0,0.0,0.0,0.0,0.0,0.0,0.0,0.0,0.0
1729156187.665145,0.0,0.0,0.0,0.0,0.0,0.0,0.0,0.0,0.0
1729156187.665438,0.0,0.0,0.0,0.0,0.0,0.0,0.0,0.0,0.0
1729156187.665669,0.0,0.0,0.0,0.0,0.0,0.0,0.0,0.0,0.0
1729156187.666113,0.0,0.0,0.0,0.0,0.0,0.0,0.0,0.0,0.0
1729156187.705962,0.0,0.0,0.0,0.0,0.0,0.0,0.0,0.0,0.0
1729156187.70679,0.0,0.0,0.0,0.0,0.0,0.0,0.0,0.0,0.0
1729156187.707402,0.0,0.0,0.0,0.0,0.0,0.0,0.0,0.0,0.0
1729156187.707693,0.0,0.0,0.0,0.0,0.0,0.0,0.0,0.0,0.0
1729156187.707976,0.0,0.0,0.0,0.0,0.0,0.0,0.0,0.0,0.0
1729156187.708353,0.0,0.0,0.0,0.0,0.0,0.0,0.0,0.0,0.0
1729156187.714447,0.0,0.0,0.0,0.0,0.0,0.0,0.0,0.0,0.0
1729156187.758469,0.0,0.0,0.0,0.0,0.0,0.0,0.0,0.0,0.0
1729156187.758791,0.0,0.0,0.0,0.0,0.0,0.0,0.0,0.0,0.0
1729156187.759109,0.0,0.0,0.0,0.0,0.0,0.0,0.0,0.0,0.0
1729156187.759346,0.0,0.0,0.0,0.0,0.0,0.0,0.0,0.0,0.0
1729156187.759625,0.0,0.0,0.0,0.0,0.0,0.0,0.0,0.0,0.0
1729156187.802616,0.0,0.0,0.0,0.0,0.0,0.0,0.0,0.0,0.0
1729156187.803856,0.0,0.0,0.0,0.0,0.0,0.0,0.0,0.0,0.0
1729156187.804128,0.0,0.0,0.0,0.0,0.0,0.0,0.0,0.0,0.0
1729156187.804415,0.0,0.0,0.0,0.0,0.0,0.0,0.0,0.0,0.0
1729156187.80489,0.0,0.0,0.0,0.0,0.0,0.0,0.0,0.0,0.0
1729156187.850549,0.0,0.0,0.0,0.0,0.0,0.0,0.0,0.0,0.0
1729156187.850933,0.0,0.0,0.0,0.0,0.0,0.0,0.0,0.0,0.0
1729156187.851232,0.0,0.0,0.0,0.0,0.0,0.0,0.0,0.0,0.0
1729156187.85152,0.0,0.0,0.0,0.0,0.0,0.0,0.0,0.0,0.0
1729156187.851812,0.0,0.0,0.0,0.0,0.0,0.0,0.0,0.0,0.0
1729156187.852104,0.0,0.0,0.0,0.0,0.0,0.0,0.0,0.0,0.0
1729156187.894513,0.0,0.0,0.0,0.0,0.0,0.0,0.0,0.0,0.0
1729156187.894843,0.0,0.0,0.0,0.0,0.0,0.0,0.0,0.0,0.0
1729156187.895146,0.0,0.0,0.0,0.0,0.0,0.0,0.0,0.0,0.0
1729156187.895438,0.0,0.0,0.0,0.0,0.0,0.0,0.0,0.0,0.0
1729156187.895735,0.0,0.0,0.0,0.0,0.0,0.0,0.0,0.0,0.0
1729156187.89603,0.0,0.0,0.0,0.0,0.0,0.0,0.0,0.0,0.0
1729156187.938353,0.0,0.0,0.0,0.0,0.0,0.0,0.0,0.0,0.0
1729156187.939897,0.0,0.0,0.0,0.0,0.0,0.0,0.0,0.0,0.0
1729156187.942154,0.0,0.0,0.0,0.0,0.0,0.0,0.0,0.0,0.0
1729156187.943895,0.0,0.0,0.0,0.0,0.0,0.0,0.0,0.0,0.0
1729156187.945327,0.0,0.0,0.0,0.0,0.0,0.0,0.0,0.0,0.0
1729156187.945823,0.0,0.0,0.0,0.0,0.0,0.0,0.0,0.0,0.0
1729156187.946429,0.0,0.0,0.0,0.0,0.0,0.0,0.0,0.0,0.0
1729156187.989989,0.0,0.0,0.0,0.0,0.0,0.0,0.0,0.0,0.0
1729156187.990351,0.0,0.0,0.0,0.0,0.0,0.0,0.0,0.0,0.0
1729156187.990672,0.0,0.0,0.0,0.0,0.0,0.0,0.0,0.0,0.0
1729156187.990943,0.0,0.0,0.0,0.0,0.0,0.0,0.0,0.0,0.0
1729156187.991118,0.0,0.0,0.0,0.0,0.0,0.0,0.0,0.0,0.0
1729156188.038055,0.0,0.0,0.0,0.0,0.0,0.0,0.0,0.0,0.0
1729156188.039434,0.0,0.0,0.0,0.0,0.0,0.0,0.0,0.0,0.0
1729156188.040159,0.0,0.0,0.0,0.0,0.0,0.0,0.0,0.0,0.0
1729156188.040485,0.0,0.0,0.0,0.0,0.0,0.0,0.0,0.0,0.0
1729156188.04188,0.0,0.0,0.0,0.0,0.0,0.0,0.0,0.0,0.0
1729156188.04237,0.0,0.0,0.0,0.0,0.0,0.0,0.0,0.0,0.0
1729156188.081971,0.0,0.0,0.0,0.0,0.0,0.0,0.0,0.0,0.0
1729156188.082977,0.0,0.0,0.0,0.0,0.0,0.0,0.0,0.0,0.0
1729156188.083271,0.0,0.0,0.0,0.0,0.0,0.0,0.0,0.0,0.0
1729156188.083557,0.0,0.0,0.0,0.0,0.0,0.0,0.0,0.0,0.0
1729156188.083836,0.0,0.0,0.0,0.0,0.0,0.0,0.0,0.0,0.0
1729156188.084199,0.0,0.0,0.0,0.0,0.0,0.0,0.0,0.0,0.0
1729156188.09186,0.0,0.0,0.0,0.0,0.0,0.0,0.0,0.0,0.0
1729156188.134239,0.0,0.0,0.0,0.0,0.0,0.0,0.0,0.0,0.0
1729156188.135322,0.0,0.0,0.0,0.0,0.0,0.0,0.0,0.0,0.0
1729156188.13731,0.0,0.0,0.0,0.0,0.0,0.0,0.0,0.0,0.0
1729156188.138943,0.0,0.0,0.0,0.0,0.0,0.0,0.0,0.0,0.0
1729156188.139252,0.0,0.0,0.0,0.0,0.0,0.0,0.0,0.0,0.0
1729156188.181269,0.0,0.0,0.0,0.0,0.0,0.0,0.0,0.0,0.0
1729156188.182763,0.0,0.0,0.0,0.0,0.0,0.0,0.0,0.0,0.0
1729156188.183202,0.0,0.0,0.0,0.0,0.0,0.0,0.0,0.0,0.0
1729156188.183373,0.0,0.0,0.0,0.0,0.0,0.0,0.0,0.0,0.0
1729156188.18354,0.0,0.0,0.0,0.0,0.0,0.0,0.0,0.0,0.0
1729156188.222034,0.0,0.0,0.0,0.0,0.0,0.0,0.0,0.0,0.0
1729156188.225125,0.0,0.0,0.0,0.0,0.0,0.0,0.0,0.0,0.0
1729156188.22729,0.0,0.0,0.0,0.0,0.0,0.0,0.0,0.0,0.0
1729156188.229996,0.0,0.0,0.0,0.0,0.0,0.0,0.0,0.0,0.0
1729156188.232117,0.0,0.0,0.0,0.0,0.0,0.0,0.0,0.0,0.0
1729156188.233549,0.0,0.0,0.0,0.0,0.0,0.0,0.0,0.0,0.0
1729156188.266035,0.0,0.0,0.0,0.0,0.0,0.0,0.0,0.0,0.0
1729156188.26794,0.0,0.0,0.0,0.0,0.0,0.0,0.0,0.0,0.0
1729156188.270622,0.0,0.0,0.0,0.0,0.0,0.0,0.0,0.0,0.0
1729156188.272653,0.0,0.0,0.0,0.0,0.0,0.0,0.0,0.0,0.0
1729156188.273083,0.0,0.0,0.0,0.0,0.0,0.0,0.0,0.0,0.0
1729156188.273325,0.0,0.0,0.0,0.0,0.0,0.0,0.0,0.0,0.0
1729156188.274568,0.0,0.0,0.0,0.0,0.0,0.0,0.0,0.0,0.0
1729156188.318087,0.0,0.0,0.0,0.0,0.0,0.0,0.0,0.0,0.0
1729156188.319341,0.0,0.0,0.0,0.0,0.0,0.0,0.0,0.0,0.0
1729156188.320475,0.0,0.0,0.0,0.0,0.0,0.0,0.0,0.0,0.0
1729156188.321663,0.0,0.0,0.0,0.0,0.0,0.0,0.0,0.0,0.0
1729156188.322899,0.0,0.0,0.0,0.0,0.0,0.0,0.0,0.0,0.0
1729156188.363286,0.0,0.0,0.0,0.0,0.0,0.0,0.0,0.0,0.0
1729156188.364829,0.0,0.0,0.0,0.0,0.0,0.0,0.0,0.0,0.0
1729156188.366037,0.0,0.0,0.0,0.0,0.0,0.0,0.0,0.0,0.0
1729156188.367315,0.0,0.0,0.0,0.0,0.0,0.0,0.0,0.0,0.0
1729156188.368576,0.0,0.0,0.0,0.0,0.0,0.0,0.0,0.0,0.0
1729156188.405968,0.0,0.0,0.0,0.0,0.0,0.0,0.0,0.0,0.0
1729156188.406294,0.0,0.0,0.0,0.0,0.0,0.0,0.0,0.0,0.0
1729156188.406569,0.0,0.0,0.0,0.0,0.0,0.0,0.0,0.0,0.0
1729156188.406839,0.0,0.0,0.0,0.0,0.0,0.0,0.0,0.0,0.0
1729156188.407114,0.0,0.0,0.0,0.0,0.0,0.0,0.0,0.0,0.0
1729156188.407379,0.0,0.0,0.0,0.0,0.0,0.0,0.0,0.0,0.0
1729156188.449973,0.0,0.0,0.0,0.0,0.0,0.0,0.0,0.0,0.0
1729156188.450303,0.0,0.0,0.0,0.0,0.0,0.0,0.0,0.0,0.0
1729156188.450596,0.0,0.0,0.0,0.0,0.0,0.0,0.0,0.0,0.0
1729156188.450874,0.0,0.0,0.0,0.0,0.0,0.0,0.0,0.0,0.0
1729156188.451142,0.0,0.0,0.0,0.0,0.0,0.0,0.0,0.0,0.0
1729156188.451541,0.0,0.0,0.0,0.0,0.0,0.0,0.0,0.0,0.0
1729156188.458391,0.0,0.0,0.0,0.0,0.0,0.0,0.0,0.0,0.0
1729156188.50198,0.0,0.0,0.0,0.0,0.0,0.0,0.0,0.0,0.0
1729156188.502316,0.0,0.0,0.0,0.0,0.0,0.0,0.0,0.0,0.0
1729156188.502599,0.0,0.0,0.0,0.0,0.0,0.0,0.0,0.0,0.0
1729156188.502872,0.0,0.0,0.0,0.0,0.0,0.0,0.0,0.0,0.0
1729156188.503139,0.0,0.0,0.0,0.0,0.0,0.0,0.0,0.0,0.0
1729156188.546203,0.0,0.0,0.0,0.0,0.0,0.0,0.0,0.0,0.0
1729156188.546807,0.0,0.0,0.0,0.0,0.0,0.0,0.0,0.0,0.0
1729156188.54762,0.0,0.0,0.0,0.0,0.0,0.0,0.0,0.0,0.0
1729156188.548539,0.0,0.0,0.0,0.0,0.0,0.0,0.0,0.0,0.0
1729156188.549128,0.0,0.0,0.0,0.0,0.0,0.0,0.0,0.0,0.0
1729156188.590651,0.0,0.0,0.0,0.0,0.0,0.0,0.0,0.0,0.0
1729156188.595181,0.0,0.0,0.0,0.0,0.0,0.0,0.0,0.0,0.0
1729156188.597323,0.0,0.0,0.0,0.0,0.0,0.0,0.0,0.0,0.0
1729156188.598654,0.0,0.0,0.0,0.0,0.0,0.0,0.0,0.0,0.0
1729156188.600616,0.0,0.0,0.0,0.0,0.0,0.0,0.0,0.0,0.0
1729156188.607678,0.0,0.0,0.0,0.0,0.0,0.0,0.0,0.0,0.0
1729156188.633956,0.0,0.0,0.0,0.0,0.0,0.0,0.0,0.0,0.0
1729156188.635587,0.0,0.0,0.0,0.0,0.0,0.0,0.0,0.0,0.0
1729156188.636124,0.0,0.0,0.0,0.0,0.0,0.0,0.0,0.0,0.0
1729156188.636306,0.0,0.0,0.0,0.0,0.0,0.0,0.0,0.0,0.0
1729156188.636741,0.0,0.0,0.0,0.0,0.0,0.0,0.0,0.0,0.0
1729156188.637014,0.0,0.0,0.0,0.0,0.0,0.0,0.0,0.0,0.0
1729156188.642368,0.0,0.0,0.0,0.0,0.0,0.0,0.0,0.0,0.0
1729156188.685969,0.0,0.0,0.0,0.0,0.0,0.0,0.0,0.0,0.0
1729156188.686752,0.0,0.0,0.0,0.0,0.0,0.0,0.0,0.0,0.0
1729156188.68694,0.0,0.0,0.0,0.0,0.0,0.0,0.0,0.0,0.0
1729156188.687113,0.0,0.0,0.0,0.0,0.0,0.0,0.0,0.0,0.0
1729156188.687288,0.0,0.0,0.0,0.0,0.0,0.0,0.0,0.0,0.0
1729156188.730631,0.0,0.0,0.0,0.0,0.0,0.0,0.0,0.0,0.0
1729156188.731598,0.0,0.0,0.0,0.0,0.0,0.0,0.0,0.0,0.0
1729156188.733057,0.0,0.0,0.0,0.0,0.0,0.0,0.0,0.0,0.0
1729156188.734134,0.0,0.0,0.0,0.0,0.0,0.0,0.0,0.0,0.0
1729156188.73577,0.0,0.0,0.0,0.0,0.0,0.0,0.0,0.0,0.0
1729156188.773999,0.0,0.0,0.0,0.0,0.0,0.0,0.0,0.0,0.0
1729156188.77496,0.0,0.0,0.0,0.0,0.0,0.0,0.0,0.0,0.0
1729156188.775236,0.0,0.0,0.0,0.0,0.0,0.0,0.0,0.0,0.0
1729156188.775413,0.0,0.0,0.0,0.0,0.0,0.0,0.0,0.0,0.0
1729156188.775606,0.0,0.0,0.0,0.0,0.0,0.0,0.0,0.0,0.0
1729156188.775778,0.0,0.0,0.0,0.0,0.0,0.0,0.0,0.0,0.0
1729156188.818015,0.0,0.0,0.0,0.0,0.0,0.0,0.0,0.0,0.0
1729156188.818387,0.0,0.0,0.0,0.0,0.0,0.0,0.0,0.0,0.0
1729156188.818713,0.0,0.0,0.0,0.0,0.0,0.0,0.0,0.0,0.0
1729156188.81901,0.0,0.0,0.0,0.0,0.0,0.0,0.0,0.0,0.0
1729156188.81952,0.0,0.0,0.0,0.0,0.0,0.0,0.0,0.0,0.0
1729156188.820619,0.0,0.0,0.0,0.0,0.0,0.0,0.0,0.0,0.0
1729156188.826474,0.0,0.0,0.0,0.0,0.0,0.0,0.0,0.0,0.0
1729156188.86991,0.0,0.0,0.0,0.0,0.0,0.0,0.0,0.0,0.0
1729156188.870165,0.0,0.0,0.0,0.0,0.0,0.0,0.0,0.0,0.0
1729156188.870378,0.0,0.0,0.0,0.0,0.0,0.0,0.0,0.0,0.0
1729156188.870604,0.0,0.0,0.0,0.0,0.0,0.0,0.0,0.0,0.0
1729156188.870818,0.0,0.0,0.0,0.0,0.0,0.0,0.0,0.0,0.0
1729156188.914024,0.0,0.0,0.0,0.0,0.0,0.0,0.0,0.0,0.0
1729156188.914419,0.0,0.0,0.0,0.0,0.0,0.0,0.0,0.0,0.0
1729156188.914711,0.0,0.0,0.0,0.0,0.0,0.0,0.0,0.0,0.0
1729156188.915192,0.0,0.0,0.0,0.0,0.0,0.0,0.0,0.0,0.0
1729156188.915618,0.0,0.0,0.0,0.0,0.0,0.0,0.0,0.0,0.0
1729156188.958009,0.0,0.0,0.0,0.0,0.0,0.0,0.0,0.0,0.0
1729156188.958238,0.0,0.0,0.0,0.0,0.0,0.0,0.0,0.0,0.0
1729156188.958427,0.0,0.0,0.0,0.0,0.0,0.0,0.0,0.0,0.0
1729156188.958613,0.0,0.0,0.0,0.0,0.0,0.0,0.0,0.0,0.0
1729156188.958781,0.0,0.0,0.0,0.0,0.0,0.0,0.0,0.0,0.0
1729156188.958951,0.0,0.0,0.0,0.0,0.0,0.0,0.0,0.0,0.0
1729156189.003455,0.0,0.0,0.0,0.0,0.0,0.0,0.0,0.0,0.0
1729156189.003815,0.0,0.0,0.0,0.0,0.0,0.0,0.0,0.0,0.0
1729156189.004371,0.0,0.0,0.0,0.0,0.0,0.0,0.0,0.0,0.0
1729156189.004804,0.0,0.0,0.0,0.0,0.0,0.0,0.0,0.0,0.0
1729156189.005111,0.0,0.0,0.0,0.0,0.0,0.0,0.0,0.0,0.0
1729156189.006125,0.0,0.0,0.0,0.0,0.0,0.0,0.0,0.0,0.0
1729156189.010342,0.0,0.0,0.0,0.0,0.0,0.0,0.0,0.0,0.0
1729156189.053997,0.0,0.0,0.0,0.0,0.0,0.0,0.0,0.0,0.0
1729156189.054343,0.0,0.0,0.0,0.0,0.0,0.0,0.0,0.0,0.0
1729156189.054648,0.0,0.0,0.0,0.0,0.0,0.0,0.0,0.0,0.0
1729156189.054921,0.0,0.0,0.0,0.0,0.0,0.0,0.0,0.0,0.0
1729156189.0552,0.0,0.0,0.0,0.0,0.0,0.0,0.0,0.0,0.0
1729156189.098347,0.0,0.0,0.0,0.0,0.0,0.0,0.0,0.0,0.0
1729156189.098699,0.0,0.0,0.0,0.0,0.0,0.0,0.0,0.0,0.0
1729156189.0992,0.0,0.0,0.0,0.0,0.0,0.0,0.0,0.0,0.0
1729156189.099731,0.0,0.0,0.0,0.0,0.0,0.0,0.0,0.0,0.0
1729156189.100005,0.0,0.0,0.0,0.0,0.0,0.0,0.0,0.0,0.0
1729156189.142028,0.0,0.0,0.0,0.0,0.0,0.0,0.0,0.0,0.0
1729156189.142376,0.0,0.0,0.0,0.0,0.0,0.0,0.0,0.0,0.0
1729156189.142672,0.0,0.0,0.0,0.0,0.0,0.0,0.0,0.0,0.0
1729156189.142986,0.0,0.0,0.0,0.0,0.0,0.0,0.0,0.0,0.0
1729156189.143264,0.0,0.0,0.0,0.0,0.0,0.0,0.0,0.0,0.0
1729156189.14355,0.0,0.0,0.0,0.0,0.0,0.0,0.0,0.0,0.0
1729156189.186474,0.0,0.0,0.0,0.0,0.0,0.0,0.0,0.0,0.0
1729156189.189664,0.0,0.0,0.0,0.0,0.0,0.0,0.0,0.0,0.0
1729156189.190226,0.0,0.0,0.0,0.0,0.0,0.0,0.0,0.0,0.0
1729156189.19073,0.0,0.0,0.0,0.0,0.0,0.0,0.0,0.0,0.0
1729156189.191227,0.0,0.0,0.0,0.0,0.0,0.0,0.0,0.0,0.0
1729156189.193953,0.0,0.0,0.0,0.0,0.0,0.0,0.0,0.0,0.0
1729156189.196859,0.0,0.0,0.0,0.0,0.0,0.0,0.0,0.0,0.0
1729156189.242279,0.0,0.0,0.0,0.0,0.0,0.0,0.0,0.0,0.0
1729156189.243102,0.0,0.0,0.0,0.0,0.0,0.0,0.0,0.0,0.0
1729156189.249609,0.0,0.0,0.0,0.0,0.0,0.0,0.0,0.0,0.0
1729156189.25161,0.0,0.0,0.0,0.0,0.0,0.0,0.0,0.0,0.0
1729156189.253086,0.0,0.0,0.0,0.0,0.0,0.0,0.0,0.0,0.0
1729156189.286046,0.0,0.0,0.0,0.0,0.0,0.0,0.0,0.0,0.0
1729156189.286403,0.0,0.0,0.0,0.0,0.0,0.0,0.0,0.0,0.0
1729156189.286718,0.0,0.0,0.0,0.0,0.0,0.0,0.0,0.0,0.0
1729156189.287009,0.0,0.0,0.0,0.0,0.0,0.0,0.0,0.0,0.0
1729156189.287296,0.0,0.0,0.0,0.0,0.0,0.0,0.0,0.0,0.0
1729156189.287595,0.0,0.0,0.0,0.0,0.0,0.0,0.0,0.0,0.0
1729156189.333987,0.0,0.0,0.0,0.0,0.0,0.0,0.0,0.0,0.0
1729156189.33435,0.0,0.0,0.0,0.0,0.0,0.0,0.0,0.0,0.0
1729156189.335295,0.0,0.0,0.0,0.0,0.0,0.0,0.0,0.0,0.0
1729156189.342204,0.0,0.0,0.0,0.0,0.0,0.0,0.0,0.0,0.0
1729156189.344152,0.0,0.0,0.0,0.0,0.0,0.0,0.0,0.0,0.0
1729156189.346094,0.0,0.0,0.0,0.0,0.0,0.0,0.0,0.0,0.0
1729156189.378387,0.0,0.0,0.0,0.0,0.0,0.0,0.0,0.0,0.0
1729156189.378761,0.0,0.0,0.0,0.0,0.0,0.0,0.0,0.0,0.0
1729156189.379078,0.0,0.0,0.0,0.0,0.0,0.0,0.0,0.0,0.0
1729156189.37938,0.0,0.0,0.0,0.0,0.0,0.0,0.0,0.0,0.0
1729156189.379742,0.0,0.0,0.0,0.0,0.0,0.0,0.0,0.0,0.0
1729156189.38018,0.0,0.0,0.0,0.0,0.0,0.0,0.0,0.0,0.0
1729156189.386341,0.0,0.0,0.0,0.0,0.0,0.0,0.0,0.0,0.0
1729156189.430453,0.0,0.0,0.0,0.0,0.0,0.0,0.0,0.0,0.0
1729156189.431404,0.0,0.0,0.0,0.0,0.0,0.0,0.0,0.0,0.0
1729156189.43199,0.0,0.0,0.0,0.0,0.0,0.0,0.0,0.0,0.0
1729156189.432201,0.0,0.0,0.0,0.0,0.0,0.0,0.0,0.0,0.0
1729156189.432402,0.0,0.0,0.0,0.0,0.0,0.0,0.0,0.0,0.0
1729156189.47397,0.0,0.0,0.0,0.0,0.0,0.0,0.0,0.0,0.0
1729156189.474215,0.0,0.0,0.0,0.0,0.0,0.0,0.0,0.0,0.0
1729156189.474467,0.0,0.0,0.0,0.0,0.0,0.0,0.0,0.0,0.0
1729156189.474645,0.0,0.0,0.0,0.0,0.0,0.0,0.0,0.0,0.0
1729156189.474816,0.0,0.0,0.0,0.0,0.0,0.0,0.0,0.0,0.0
1729156189.517984,0.0,0.0,0.0,0.0,0.0,0.0,0.0,0.0,0.0
1729156189.518327,0.0,0.0,0.0,0.0,0.0,0.0,0.0,0.0,0.0
1729156189.518642,0.0,0.0,0.0,0.0,0.0,0.0,0.0,0.0,0.0
1729156189.518933,0.0,0.0,0.0,0.0,0.0,0.0,0.0,0.0,0.0
1729156189.519224,0.0,0.0,0.0,0.0,0.0,0.0,0.0,0.0,0.0
1729156189.519514,0.0,0.0,0.0,0.0,0.0,0.0,0.0,0.0,0.0
1729156189.561907,0.0,0.0,0.0,0.0,0.0,0.0,0.0,0.0,0.0
1729156189.562147,0.0,0.0,0.0,0.0,0.0,0.0,0.0,0.0,0.0
1729156189.562416,0.0,0.0,0.0,0.0,0.0,0.0,0.0,0.0,0.0
1729156189.562626,0.0,0.0,0.0,0.0,0.0,0.0,0.0,0.0,0.0
1729156189.562804,0.0,0.0,0.0,0.0,0.0,0.0,0.0,0.0,0.0
1729156189.563048,0.0,0.0,0.0,0.0,0.0,0.0,0.0,0.0,0.0
1729156189.570395,0.0,0.0,0.0,0.0,0.0,0.0,0.0,0.0,0.0
1729156189.613981,0.0,0.0,0.0,0.0,0.0,0.0,0.0,0.0,0.0
1729156189.614305,0.0,0.0,0.0,0.0,0.0,0.0,0.0,0.0,0.0
1729156189.614614,0.0,0.0,0.0,0.0,0.0,0.0,0.0,0.0,0.0
1729156189.614908,0.0,0.0,0.0,0.0,0.0,0.0,0.0,0.0,0.0
1729156189.615188,0.0,0.0,0.0,0.0,0.0,0.0,0.0,0.0,0.0
1729156189.657984,0.0,0.0,0.0,0.0,0.0,0.0,0.0,0.0,0.0
1729156189.658383,0.0,0.0,0.0,0.0,0.0,0.0,0.0,0.0,0.0
1729156189.658707,0.0,0.0,0.0,0.0,0.0,0.0,0.0,0.0,0.0
1729156189.659003,0.0,0.0,0.0,0.0,0.0,0.0,0.0,0.0,0.0
1729156189.659304,0.0,0.0,0.0,0.0,0.0,0.0,0.0,0.0,0.0
1729156189.702614,0.0,0.0,0.0,0.0,0.0,0.0,0.0,0.0,0.0
1729156189.703258,0.0,0.0,0.0,0.0,0.0,0.0,0.0,0.0,0.0
1729156189.703833,0.0,0.0,0.0,0.0,0.0,0.0,0.0,0.0,0.0
1729156189.704043,0.0,0.0,0.0,0.0,0.0,0.0,0.0,0.0,0.0
1729156189.704274,0.0,0.0,0.0,0.0,0.0,0.0,0.0,0.0,0.0
1729156189.704535,0.0,0.0,0.0,0.0,0.0,0.0,0.0,0.0,0.0
1729156189.746298,0.0,0.0,0.0,0.0,0.0,0.0,0.0,0.0,0.0
1729156189.746928,0.0,0.0,0.0,0.0,0.0,0.0,0.0,0.0,0.0
1729156189.747427,0.0,0.0,0.0,0.0,0.0,0.0,0.0,0.0,0.0
1729156189.748052,0.0,0.0,0.0,0.0,0.0,0.0,0.0,0.0,0.0
1729156189.748503,0.0,0.0,0.0,0.0,0.0,0.0,0.0,0.0,0.0
1729156189.749227,0.0,0.0,0.0,0.0,0.0,0.0,0.0,0.0,0.0
1729156189.754493,0.0,0.0,0.0,0.0,0.0,0.0,0.0,0.0,0.0
1729156189.802029,0.0,0.0,0.0,0.0,0.0,0.0,0.0,0.0,0.0
1729156189.802879,0.0,0.0,0.0,0.0,0.0,0.0,0.0,0.0,0.0
1729156189.803338,0.0,0.0,0.0,0.0,0.0,0.0,0.0,0.0,0.0
1729156189.803563,0.0,0.0,0.0,0.0,0.0,0.0,0.0,0.0,0.0
1729156189.803733,0.0,0.0,0.0,0.0,0.0,0.0,0.0,0.0,0.0
1729156189.846019,0.0,0.0,0.0,0.0,0.0,0.0,0.0,0.0,0.0
1729156189.846369,0.0,0.0,0.0,0.0,0.0,0.0,0.0,0.0,0.0
1729156189.846686,0.0,0.0,0.0,0.0,0.0,0.0,0.0,0.0,0.0
1729156189.846982,0.0,0.0,0.0,0.0,0.0,0.0,0.0,0.0,0.0
1729156189.847262,0.0,0.0,0.0,0.0,0.0,0.0,0.0,0.0,0.0
1729156189.847549,0.0,0.0,0.0,0.0,0.0,0.0,0.0,0.0,0.0
1729156189.890187,0.0,0.0,0.0,0.0,0.0,0.0,0.0,0.0,0.0
1729156189.890548,0.0,0.0,0.0,0.0,0.0,0.0,0.0,0.0,0.0
1729156189.890852,0.0,0.0,0.0,0.0,0.0,0.0,0.0,0.0,0.0
1729156189.891153,0.0,0.0,0.0,0.0,0.0,0.0,0.0,0.0,0.0
1729156189.891464,0.0,0.0,0.0,0.0,0.0,0.0,0.0,0.0,0.0
1729156189.891873,0.0,0.0,0.0,0.0,0.0,0.0,0.0,0.0,0.0
1729156189.898416,0.0,0.0,0.0,0.0,0.0,0.0,0.0,0.0,0.0
1729156189.942157,0.0,0.0,0.0,0.0,0.0,0.0,0.0,0.0,0.0
1729156189.942625,0.0,0.0,0.0,0.0,0.0,0.0,0.0,0.0,0.0
1729156189.942934,0.0,0.0,0.0,0.0,0.0,0.0,0.0,0.0,0.0
1729156189.943251,0.0,0.0,0.0,0.0,0.0,0.0,0.0,0.0,0.0
1729156189.943554,0.0,0.0,0.0,0.0,0.0,0.0,0.0,0.0,0.0
1729156189.985944,0.0,0.0,0.0,0.0,0.0,0.0,0.0,0.0,0.0
1729156189.986555,0.0,0.0,0.0,0.0,0.0,0.0,0.0,0.0,0.0
1729156189.98678,0.0,0.0,0.0,0.0,0.0,0.0,0.0,0.0,0.0
1729156189.987001,0.0,0.0,0.0,0.0,0.0,0.0,0.0,0.0,0.0
1729156189.987215,0.0,0.0,0.0,0.0,0.0,0.0,0.0,0.0,0.0
1729156190.029952,0.0,0.0,0.0,0.0,0.0,0.0,0.0,0.0,0.0
1729156190.030198,0.0,0.0,0.0,0.0,0.0,0.0,0.0,0.0,0.0
1729156190.03043,0.0,0.0,0.0,0.0,0.0,0.0,0.0,0.0,0.0
1729156190.030704,0.0,0.0,0.0,0.0,0.0,0.0,0.0,0.0,0.0
1729156190.031009,0.0,0.0,0.0,0.0,0.0,0.0,0.0,0.0,0.0
1729156190.031325,0.0,0.0,0.0,0.0,0.0,0.0,0.0,0.0,0.0
1729156190.074005,0.0,0.0,0.0,0.0,0.0,0.0,0.0,0.0,0.0
1729156190.074384,0.0,0.0,0.0,0.0,0.0,0.0,0.0,0.0,0.0
1729156190.074737,0.0,0.0,0.0,0.0,0.0,0.0,0.0,0.0,0.0
1729156190.07503,0.0,0.0,0.0,0.0,0.0,0.0,0.0,0.0,0.0
1729156190.075357,0.0,0.0,0.0,0.0,0.0,0.0,0.0,0.0,0.0
1729156190.077609,0.0,0.0,0.0,0.0,0.0,0.0,0.0,0.0,0.0
1729156190.08243,0.0,0.0,0.0,0.0,0.0,0.0,0.0,0.0,0.0
1729156190.125941,0.0,0.0,0.0,0.0,0.0,0.0,0.0,0.0,0.0
1729156190.126172,0.0,0.0,0.0,0.0,0.0,0.0,0.0,0.0,0.0
1729156190.126351,0.0,0.0,0.0,0.0,0.0,0.0,0.0,0.0,0.0
1729156190.126532,0.0,0.0,0.0,0.0,0.0,0.0,0.0,0.0,0.0
1729156190.126715,0.0,0.0,0.0,0.0,0.0,0.0,0.0,0.0,0.0
1729156190.170173,0.0,0.0,0.0,0.0,0.0,0.0,0.0,0.0,0.0
1729156190.170549,0.0,0.0,0.0,0.0,0.0,0.0,0.0,0.0,0.0
1729156190.170877,0.0,0.0,0.0,0.0,0.0,0.0,0.0,0.0,0.0
1729156190.1712,0.0,0.0,0.0,0.0,0.0,0.0,0.0,0.0,0.0
1729156190.171509,0.0,0.0,0.0,0.0,0.0,0.0,0.0,0.0,0.0
1729156190.213996,0.0,0.0,0.0,0.0,0.0,0.0,0.0,0.0,0.0
1729156190.214446,0.0,0.0,0.0,0.0,0.0,0.0,0.0,0.0,0.0
1729156190.214727,0.0,0.0,0.0,0.0,0.0,0.0,0.0,0.0,0.0
1729156190.214944,0.0,0.0,0.0,0.0,0.0,0.0,0.0,0.0,0.0
1729156190.215151,0.0,0.0,0.0,0.0,0.0,0.0,0.0,0.0,0.0
1729156190.215357,0.0,0.0,0.0,0.0,0.0,0.0,0.0,0.0,0.0
1729156190.258229,0.0,0.0,0.0,0.0,0.0,0.0,0.0,0.0,0.0
1729156190.258738,0.0,0.0,0.0,0.0,0.0,0.0,0.0,0.0,0.0
1729156190.259898,0.0,0.0,0.0,0.0,0.0,0.0,0.0,0.0,0.0
1729156190.262121,0.0,0.0,0.0,0.0,0.0,0.0,0.0,0.0,0.0
1729156190.2637,0.0,0.0,0.0,0.0,0.0,0.0,0.0,0.0,0.0
1729156190.265077,0.0,0.0,0.0,0.0,0.0,0.0,0.0,0.0,0.0
1729156190.267432,0.0,0.0,0.0,0.0,0.0,0.0,0.0,0.0,0.0
1729156190.310027,0.0,0.0,0.0,0.0,0.0,0.0,0.0,0.0,0.0
1729156190.31098,0.0,0.0,0.0,0.0,0.0,0.0,0.0,0.0,0.0
1729156190.31127,0.0,0.0,0.0,0.0,0.0,0.0,0.0,0.0,0.0
1729156190.31158,0.0,0.0,0.0,0.0,0.0,0.0,0.0,0.0,0.0
1729156190.311815,0.0,0.0,0.0,0.0,0.0,0.0,0.0,0.0,0.0
1729156190.354913,0.0,0.0,0.0,0.0,0.0,0.0,0.0,0.0,0.0
1729156190.356597,0.0,0.0,0.0,0.0,0.0,0.0,0.0,0.0,0.0
1729156190.358314,0.0,0.0,0.0,0.0,0.0,0.0,0.0,0.0,0.0
1729156190.359642,0.0,0.0,0.0,0.0,0.0,0.0,0.0,0.0,0.0
1729156190.362622,0.0,0.0,0.0,0.0,0.0,0.0,0.0,0.0,0.0
1729156190.398036,0.0,0.0,0.0,0.0,0.0,0.0,0.0,0.0,0.0
1729156190.398404,0.0,0.0,0.0,0.0,0.0,0.0,0.0,0.0,0.0
1729156190.398715,0.0,0.0,0.0,0.0,0.0,0.0,0.0,0.0,0.0
1729156190.39902,0.0,0.0,0.0,0.0,0.0,0.0,0.0,0.0,0.0
1729156190.39931,0.0,0.0,0.0,0.0,0.0,0.0,0.0,0.0,0.0
1729156190.399619,0.0,0.0,0.0,0.0,0.0,0.0,0.0,0.0,0.0
1729156190.442169,0.0,0.0,0.0,0.0,0.0,0.0,0.0,0.0,0.0
1729156190.443232,0.0,0.0,0.0,0.0,0.0,0.0,0.0,0.0,0.0
1729156190.447568,0.0,0.0,0.0,0.0,0.0,0.0,0.0,0.0,0.0
1729156190.449169,0.0,0.0,0.0,0.0,0.0,0.0,0.0,0.0,0.0
1729156190.450641,0.0,0.0,0.0,0.0,0.0,0.0,0.0,0.0,0.0
1729156190.450943,0.0,0.0,0.0,0.0,0.0,0.0,0.0,0.0,0.0
1729156190.451186,0.0,0.0,0.0,0.0,0.0,0.0,0.0,0.0,0.0
1729156190.494237,0.0,0.0,0.0,0.0,0.0,0.0,0.0,0.0,0.0
1729156190.495158,0.0,0.0,0.0,0.0,0.0,0.0,0.0,0.0,0.0
1729156190.496119,0.0,0.0,0.0,0.0,0.0,0.0,0.0,0.0,0.0
1729156190.497096,0.0,0.0,0.0,0.0,0.0,0.0,0.0,0.0,0.0
1729156190.497328,0.0,0.0,0.0,0.0,0.0,0.0,0.0,0.0,0.0
1729156190.538196,0.0,0.0,0.0,0.0,0.0,0.0,0.0,0.0,0.0
1729156190.538554,0.0,0.0,0.0,0.0,0.0,0.0,0.0,0.0,0.0
1729156190.538857,0.0,0.0,0.0,0.0,0.0,0.0,0.0,0.0,0.0
1729156190.539153,0.0,0.0,0.0,0.0,0.0,0.0,0.0,0.0,0.0
1729156190.539439,0.0,0.0,0.0,0.0,0.0,0.0,0.0,0.0,0.0
1729156190.582021,0.0,0.0,0.0,0.0,0.0,0.0,0.0,0.0,0.0
1729156190.58238,0.0,0.0,0.0,0.0,0.0,0.0,0.0,0.0,0.0
1729156190.582687,0.0,0.0,0.0,0.0,0.0,0.0,0.0,0.0,0.0
1729156190.582984,0.0,0.0,0.0,0.0,0.0,0.0,0.0,0.0,0.0
1729156190.583282,0.0,0.0,0.0,0.0,0.0,0.0,0.0,0.0,0.0
1729156190.583575,0.0,0.0,0.0,0.0,0.0,0.0,0.0,0.0,0.0
1729156190.626375,0.0,0.0,0.0,0.0,0.0,0.0,0.0,0.0,0.0
1729156190.626911,0.0,0.0,0.0,0.0,0.0,0.0,0.0,0.0,0.0
1729156190.62723,0.0,0.0,0.0,0.0,0.0,0.0,0.0,0.0,0.0
1729156190.627548,0.0,0.0,0.0,0.0,0.0,0.0,0.0,0.0,0.0
1729156190.627865,0.0,0.0,0.0,0.0,0.0,0.0,0.0,0.0,0.0
1729156190.628328,0.0,0.0,0.0,0.0,0.0,0.0,0.0,0.0,0.0
1729156190.635039,0.0,0.0,0.0,0.0,0.0,0.0,0.0,0.0,0.0
1729156190.678378,0.0,0.0,0.0,0.0,0.0,0.0,0.0,0.0,0.0
1729156190.679339,0.0,0.0,0.0,0.0,0.0,0.0,0.0,0.0,0.0
1729156190.679645,0.0,0.0,0.0,0.0,0.0,0.0,0.0,0.0,0.0
1729156190.67994,0.0,0.0,0.0,0.0,0.0,0.0,0.0,0.0,0.0
1729156190.680243,0.0,0.0,0.0,0.0,0.0,0.0,0.0,0.0,0.0
1729156190.722311,0.0,0.0,0.0,0.0,0.0,0.0,0.0,0.0,0.0
1729156190.722629,0.0,0.0,0.0,0.0,0.0,0.0,0.0,0.0,0.0
1729156190.722861,0.0,0.0,0.0,0.0,0.0,0.0,0.0,0.0,0.0
1729156190.723321,0.0,0.0,0.0,0.0,0.0,0.0,0.0,0.0,0.0
1729156190.723551,0.0,0.0,0.0,0.0,0.0,0.0,0.0,0.0,0.0
1729156190.766744,0.0,0.0,0.0,0.0,0.0,0.0,0.0,0.0,0.0
1729156190.76735,0.0,0.0,0.0,0.0,0.0,0.0,0.0,0.0,0.0
1729156190.767886,0.0,0.0,0.0,0.0,0.0,0.0,0.0,0.0,0.0
1729156190.768133,0.0,0.0,0.0,0.0,0.0,0.0,0.0,0.0,0.0
1729156190.768343,0.0,0.0,0.0,0.0,0.0,0.0,0.0,0.0,0.0
1729156190.768535,0.0,0.0,0.0,0.0,0.0,0.0,0.0,0.0,0.0
1729156190.810049,0.0,0.0,0.0,0.0,0.0,0.0,0.0,0.0,0.0
1729156190.810399,0.0,0.0,0.0,0.0,0.0,0.0,0.0,0.0,0.0
1729156190.810711,0.0,0.0,0.0,0.0,0.0,0.0,0.0,0.0,0.0
1729156190.811265,0.0,0.0,0.0,0.0,0.0,0.0,0.0,0.0,0.0
1729156190.811572,0.0,0.0,0.0,0.0,0.0,0.0,0.0,0.0,0.0
1729156190.811948,0.0,0.0,0.0,0.0,0.0,0.0,0.0,0.0,0.0
1729156190.818435,0.0,0.0,0.0,0.0,0.0,0.0,0.0,0.0,0.0
1729156190.861993,0.0,0.0,0.0,0.0,0.0,0.0,0.0,0.0,0.0
1729156190.8626,0.0,0.0,0.0,0.0,0.0,0.0,0.0,0.0,0.0
1729156190.86313,0.0,0.0,0.0,0.0,0.0,0.0,0.0,0.0,0.0
1729156190.863676,0.0,0.0,0.0,0.0,0.0,0.0,0.0,0.0,0.0
1729156190.864644,0.0,0.0,0.0,0.0,0.0,0.0,0.0,0.0,0.0
1729156190.90676,0.0,0.0,0.0,0.0,0.0,0.0,0.0,0.0,0.0
1729156190.907986,0.0,0.0,0.0,0.0,0.0,0.0,0.0,0.0,0.0
1729156190.908749,0.0,0.0,0.0,0.0,0.0,0.0,0.0,0.0,0.0
1729156190.910438,0.0,0.0,0.0,0.0,0.0,0.0,0.0,0.0,0.0
1729156190.911857,0.0,0.0,0.0,0.0,0.0,0.0,0.0,0.0,0.0
1729156190.950651,0.0,0.0,0.0,0.0,0.0,0.0,0.0,0.0,0.0
1729156190.956284,0.0,0.0,0.0,0.0,0.0,0.0,0.0,0.0,0.0
1729156190.956866,0.0,0.0,0.0,0.0,0.0,0.0,0.0,0.0,0.0
1729156190.958038,0.0,0.0,0.0,0.0,0.0,0.0,0.0,0.0,0.0
1729156190.959217,0.0,0.0,0.0,0.0,0.0,0.0,0.0,0.0,0.0
1729156190.960346,0.0,0.0,0.0,0.0,0.0,0.0,0.0,0.0,0.0
1729156190.997578,0.0,0.0,0.0,0.0,0.0,0.0,0.0,0.0,0.0
1729156191.001298,0.0,0.0,0.0,0.0,0.0,0.0,0.0,0.0,0.0
1729156191.001538,0.0,0.0,0.0,0.0,0.0,0.0,0.0,0.0,0.0
1729156191.001818,0.0,0.0,0.0,0.0,0.0,0.0,0.0,0.0,0.0
1729156191.00206,0.0,0.0,0.0,0.0,0.0,0.0,0.0,0.0,0.0
1729156191.002415,0.0,0.0,0.0,0.0,0.0,0.0,0.0,0.0,0.0
1729156191.002708,0.0,0.0,0.0,0.0,0.0,0.0,0.0,0.0,0.0
1729156191.050202,0.0,0.0,0.0,0.0,0.0,0.0,0.0,0.0,0.0
1729156191.051514,0.0,0.0,0.0,0.0,0.0,0.0,0.0,0.0,0.0
1729156191.052335,0.0,0.0,0.0,0.0,0.0,0.0,0.0,0.0,0.0
1729156191.054208,0.0,0.0,0.0,0.0,0.0,0.0,0.0,0.0,0.0
1729156191.054559,0.0,0.0,0.0,0.0,0.0,0.0,0.0,0.0,0.0
1729156191.098017,0.0,0.0,0.0,0.0,0.0,0.0,0.0,0.0,0.0
1729156191.099247,0.0,0.0,0.0,0.0,0.0,0.0,0.0,0.0,0.0
1729156191.099916,0.0,0.0,0.0,0.0,0.0,0.0,0.0,0.0,0.0
1729156191.104313,0.0,0.0,0.0,0.0,0.0,0.0,0.0,0.0,0.0
1729156191.105716,0.0,0.0,0.0,0.0,0.0,0.0,0.0,0.0,0.0
1729156191.105946,0.0,0.0,0.0,0.0,0.0,0.0,0.0,0.0,0.0
1729156191.142269,0.0,0.0,0.0,0.0,0.0,0.0,0.0,0.0,0.0
1729156191.142643,0.0,0.0,0.0,0.0,0.0,0.0,0.0,0.0,0.0
1729156191.143108,0.0,0.0,0.0,0.0,0.0,0.0,0.0,0.0,0.0
1729156191.143405,0.0,0.0,0.0,0.0,0.0,0.0,0.0,0.0,0.0
1729156191.143693,0.0,0.0,0.0,0.0,0.0,0.0,0.0,0.0,0.0
1729156191.143993,0.0,0.0,0.0,0.0,0.0,0.0,0.0,0.0,0.0
1729156191.186054,0.0,0.0,0.0,0.0,0.0,0.0,0.0,0.0,0.0
1729156191.187442,0.0,0.0,0.0,0.0,0.0,0.0,0.0,0.0,0.0
1729156191.187772,0.0,0.0,0.0,0.0,0.0,0.0,0.0,0.0,0.0
1729156191.188064,0.0,0.0,0.0,0.0,0.0,0.0,0.0,0.0,0.0
1729156191.188355,0.0,0.0,0.0,0.0,0.0,0.0,0.0,0.0,0.0
1729156191.188734,0.0,0.0,0.0,0.0,0.0,0.0,0.0,0.0,0.0
1729156191.19501,0.0,0.0,0.0,0.0,0.0,0.0,0.0,0.0,0.0
1729156191.237991,0.0,0.0,0.0,0.0,0.0,0.0,0.0,0.0,0.0
1729156191.238375,0.0,0.0,0.0,0.0,0.0,0.0,0.0,0.0,0.0
1729156191.238691,0.0,0.0,0.0,0.0,0.0,0.0,0.0,0.0,0.0
1729156191.239019,0.0,0.0,0.0,0.0,0.0,0.0,0.0,0.0,0.0
1729156191.239335,0.0,0.0,0.0,0.0,0.0,0.0,0.0,0.0,0.0
1729156191.286296,0.0,0.0,0.0,0.0,0.0,0.0,0.0,0.0,0.0
1729156191.28666,0.0,0.0,0.0,0.0,0.0,0.0,0.0,0.0,0.0
1729156191.286974,0.0,0.0,0.0,0.0,0.0,0.0,0.0,0.0,0.0
1729156191.287272,0.0,0.0,0.0,0.0,0.0,0.0,0.0,0.0,0.0
1729156191.287573,0.0,0.0,0.0,0.0,0.0,0.0,0.0,0.0,0.0
1729156191.287868,0.0,0.0,0.0,0.0,0.0,0.0,0.0,0.0,0.0
1729156191.330032,0.0,0.0,0.0,0.0,0.0,0.0,0.0,0.0,0.0
1729156191.331244,0.0,0.0,0.0,0.0,0.0,0.0,0.0,0.0,0.0
1729156191.331577,0.0,0.0,0.0,0.0,0.0,0.0,0.0,0.0,0.0
1729156191.331895,0.0,0.0,0.0,0.0,0.0,0.0,0.0,0.0,0.0
1729156191.332221,0.0,0.0,0.0,0.0,0.0,0.0,0.0,0.0,0.0
1729156191.332679,0.0,0.0,0.0,0.0,0.0,0.0,0.0,0.0,0.0
1729156191.33842,0.0,0.0,0.0,0.0,0.0,0.0,0.0,0.0,0.0
1729156191.381966,0.0,0.0,0.0,0.0,0.0,0.0,0.0,0.0,0.0
1729156191.382408,0.0,0.0,0.0,0.0,0.0,0.0,0.0,0.0,0.0
1729156191.382711,0.0,0.0,0.0,0.0,0.0,0.0,0.0,0.0,0.0
1729156191.383301,0.0,0.0,0.0,0.0,0.0,0.0,0.0,0.0,0.0
1729156191.383977,0.0,0.0,0.0,0.0,0.0,0.0,0.0,0.0,0.0
1729156191.427342,0.0,0.0,0.0,0.0,0.0,0.0,0.0,0.0,0.0
1729156191.427847,0.0,0.0,0.0,0.0,0.0,0.0,0.0,0.0,0.0
1729156191.428345,0.0,0.0,0.0,0.0,0.0,0.0,0.0,0.0,0.0
1729156191.428635,0.0,0.0,0.0,0.0,0.0,0.0,0.0,0.0,0.0
1729156191.428983,0.0,0.0,0.0,0.0,0.0,0.0,0.0,0.0,0.0
1729156191.470018,0.0,0.0,0.0,0.0,0.0,0.0,0.0,0.0,0.0
1729156191.471547,0.0,0.0,0.0,0.0,0.0,0.0,0.0,0.0,0.0
1729156191.471894,0.0,0.0,0.0,0.0,0.0,0.0,0.0,0.0,0.0
1729156191.472384,0.0,0.0,0.0,0.0,0.0,0.0,0.0,0.0,0.0
1729156191.472692,0.0,0.0,0.0,0.0,0.0,0.0,0.0,0.0,0.0
1729156191.472995,0.0,0.0,0.0,0.0,0.0,0.0,0.0,0.0,0.0
1729156191.513952,0.0,0.0,0.0,0.0,0.0,0.0,0.0,0.0,0.0
1729156191.514269,0.0,0.0,0.0,0.0,0.0,0.0,0.0,0.0,0.0
1729156191.514563,0.0,0.0,0.0,0.0,0.0,0.0,0.0,0.0,0.0
1729156191.514848,0.0,0.0,0.0,0.0,0.0,0.0,0.0,0.0,0.0
1729156191.515137,0.0,0.0,0.0,0.0,0.0,0.0,0.0,0.0,0.0
1729156191.515526,0.0,0.0,0.0,0.0,0.0,0.0,0.0,0.0,0.0
1729156191.522429,0.0,0.0,0.0,0.0,0.0,0.0,0.0,0.0,0.0
1729156191.566318,0.0,0.0,0.0,0.0,0.0,0.0,0.0,0.0,0.0
1729156191.568124,0.0,0.0,0.0,0.0,0.0,0.0,0.0,0.0,0.0
1729156191.568742,0.0,0.0,0.0,0.0,0.0,0.0,0.0,0.0,0.0
1729156191.570399,0.0,0.0,0.0,0.0,0.0,0.0,0.0,0.0,0.0
1729156191.570925,0.0,0.0,0.0,0.0,0.0,0.0,0.0,0.0,0.0
1729156191.610336,0.0,0.0,0.0,0.0,0.0,0.0,0.0,0.0,0.0
1729156191.611155,0.0,0.0,0.0,0.0,0.0,0.0,0.0,0.0,0.0
1729156191.61147,0.0,0.0,0.0,0.0,0.0,0.0,0.0,0.0,0.0
1729156191.613124,0.0,0.0,0.0,0.0,0.0,0.0,0.0,0.0,0.0
1729156191.615325,0.0,0.0,0.0,0.0,0.0,0.0,0.0,0.0,0.0
1729156191.654241,0.0,0.0,0.0,0.0,0.0,0.0,0.0,0.0,0.0
1729156191.655564,0.0,0.0,0.0,0.0,0.0,0.0,0.0,0.0,0.0
1729156191.656058,0.0,0.0,0.0,0.0,0.0,0.0,0.0,0.0,0.0
1729156191.656416,0.0,0.0,0.0,0.0,0.0,0.0,0.0,0.0,0.0
1729156191.656749,0.0,0.0,0.0,0.0,0.0,0.0,0.0,0.0,0.0
1729156191.657072,0.0,0.0,0.0,0.0,0.0,0.0,0.0,0.0,0.0
1729156191.698131,0.0,0.0,0.0,0.0,0.0,0.0,0.0,0.0,0.0
1729156191.700039,0.0,0.0,0.0,0.0,0.0,0.0,0.0,0.0,0.0
1729156191.702811,0.0,0.0,0.0,0.0,0.0,0.0,0.0,0.0,0.0
1729156191.704761,0.0,0.0,0.0,0.0,0.0,0.0,0.0,0.0,0.0
1729156191.705137,0.0,0.0,0.0,0.0,0.0,0.0,0.0,0.0,0.0
1729156191.705571,0.0,0.0,0.0,0.0,0.0,0.0,0.0,0.0,0.0
1729156191.707006,0.0,0.0,0.0,0.0,0.0,0.0,0.0,0.0,0.0
1729156191.750076,0.0,0.0,0.0,0.0,0.0,0.0,0.0,0.0,0.0
1729156191.752134,0.0,0.0,0.0,0.0,0.0,0.0,0.0,0.0,0.0
1729156191.754778,0.0,0.0,0.0,0.0,0.0,0.0,0.0,0.0,0.0
1729156191.756612,0.0,0.0,0.0,0.0,0.0,0.0,0.0,0.0,0.0
1729156191.758332,0.0,0.0,0.0,0.0,0.0,0.0,0.0,0.0,0.0
1729156191.794997,0.0,0.0,0.0,0.0,0.0,0.0,0.0,0.0,0.0
1729156191.796084,0.0,0.0,0.0,0.0,0.0,0.0,0.0,0.0,0.0
1729156191.797559,0.0,0.0,0.0,0.0,0.0,0.0,0.0,0.0,0.0
1729156191.799074,0.0,0.0,0.0,0.0,0.0,0.0,0.0,0.0,0.0
1729156191.800611,0.0,0.0,0.0,0.0,0.0,0.0,0.0,0.0,0.0
1729156191.838221,0.0,0.0,0.0,0.0,0.0,0.0,0.0,0.0,0.0
1729156191.839766,0.0,0.0,0.0,0.0,0.0,0.0,0.0,0.0,0.0
1729156191.840368,0.0,0.0,0.0,0.0,0.0,0.0,0.0,0.0,0.0
1729156191.841174,0.0,0.0,0.0,0.0,0.0,0.0,0.0,0.0,0.0
1729156191.842601,0.0,0.0,0.0,0.0,0.0,0.0,0.0,0.0,0.0
1729156191.843378,0.0,0.0,0.0,0.0,0.0,0.0,0.0,0.0,0.0
1729156191.882254,0.0,0.0,0.0,0.0,0.0,0.0,0.0,0.0,0.0
1729156191.884673,0.0,0.0,0.0,0.0,0.0,0.0,0.0,0.0,0.0
1729156191.886834,0.0,0.0,0.0,0.0,0.0,0.0,0.0,0.0,0.0
1729156191.888009,0.0,0.0,0.0,0.0,0.0,0.0,0.0,0.0,0.0
1729156191.889048,0.0,0.0,0.0,0.0,0.0,0.0,0.0,0.0,0.0
1729156191.891231,0.0,0.0,0.0,0.0,0.0,0.0,0.0,0.0,0.0
1729156191.892563,0.0,0.0,0.0,0.0,0.0,0.0,0.0,0.0,0.0
1729156191.934421,0.0,0.0,0.0,0.0,0.0,0.0,0.0,0.0,0.0
1729156191.935734,0.0,0.0,0.0,0.0,0.0,0.0,0.0,0.0,0.0
1729156191.937665,0.0,0.0,0.0,0.0,0.0,0.0,0.0,0.0,0.0
1729156191.938969,0.0,0.0,0.0,0.0,0.0,0.0,0.0,0.0,0.0
1729156191.939487,0.0,0.0,0.0,0.0,0.0,0.0,0.0,0.0,0.0
1729156191.978365,0.0,0.0,0.0,0.0,0.0,0.0,0.0,0.0,0.0
1729156191.979497,0.0,0.0,0.0,0.0,0.0,0.0,0.0,0.0,0.0
1729156191.97983,0.0,0.0,0.0,0.0,0.0,0.0,0.0,0.0,0.0
1729156191.980137,0.0,0.0,0.0,0.0,0.0,0.0,0.0,0.0,0.0
1729156191.98045,0.0,0.0,0.0,0.0,0.0,0.0,0.0,0.0,0.0
1729156192.022276,0.0,0.0,0.0,0.0,0.0,0.0,0.0,0.0,0.0
1729156192.023873,0.0,0.0,0.0,0.0,0.0,0.0,0.0,0.0,0.0
1729156192.024196,0.0,0.0,0.0,0.0,0.0,0.0,0.0,0.0,0.0
1729156192.024512,0.0,0.0,0.0,0.0,0.0,0.0,0.0,0.0,0.0
1729156192.024812,0.0,0.0,0.0,0.0,0.0,0.0,0.0,0.0,0.0
1729156192.025104,0.0,0.0,0.0,0.0,0.0,0.0,0.0,0.0,0.0
1729156192.066151,0.0,0.0,0.0,0.0,0.0,0.0,0.0,0.0,0.0
1729156192.066545,0.0,0.0,0.0,0.0,0.0,0.0,0.0,0.0,0.0
1729156192.06687,0.0,0.0,0.0,0.0,0.0,0.0,0.0,0.0,0.0
1729156192.067182,0.0,0.0,0.0,0.0,0.0,0.0,0.0,0.0,0.0
1729156192.06754,0.0,0.0,0.0,0.0,0.0,0.0,0.0,0.0,0.0
1729156192.068003,0.0,0.0,0.0,0.0,0.0,0.0,0.0,0.0,0.0
1729156192.074416,0.0,0.0,0.0,0.0,0.0,0.0,0.0,0.0,0.0
1729156192.1183,0.0,0.0,0.0,0.0,0.0,0.0,0.0,0.0,0.0
1729156192.119311,0.0,0.0,0.0,0.0,0.0,0.0,0.0,0.0,0.0
1729156192.12074,0.0,0.0,0.0,0.0,0.0,0.0,0.0,0.0,0.0
1729156192.122162,0.0,0.0,0.0,0.0,0.0,0.0,0.0,0.0,0.0
1729156192.12359,0.0,0.0,0.0,0.0,0.0,0.0,0.0,0.0,0.0
1729156192.162033,0.0,0.0,0.0,0.0,0.0,0.0,0.0,0.0,0.0
1729156192.162449,0.0,0.0,0.0,0.0,0.0,0.0,0.0,0.0,0.0
1729156192.162794,0.0,0.0,0.0,0.0,0.0,0.0,0.0,0.0,0.0
1729156192.163138,0.0,0.0,0.0,0.0,0.0,0.0,0.0,0.0,0.0
1729156192.163977,0.0,0.0,0.0,0.0,0.0,0.0,0.0,0.0,0.0
1729156192.205988,0.0,0.0,0.0,0.0,0.0,0.0,0.0,0.0,0.0
1729156192.206355,0.0,0.0,0.0,0.0,0.0,0.0,0.0,0.0,0.0
1729156192.206675,0.0,0.0,0.0,0.0,0.0,0.0,0.0,0.0,0.0
1729156192.207314,0.0,0.0,0.0,0.0,0.0,0.0,0.0,0.0,0.0
1729156192.207863,0.0,0.0,0.0,0.0,0.0,0.0,0.0,0.0,0.0
1729156192.20843,0.0,0.0,0.0,0.0,0.0,0.0,0.0,0.0,0.0
1729156192.249987,0.0,0.0,0.0,0.0,0.0,0.0,0.0,0.0,0.0
1729156192.250378,0.0,0.0,0.0,0.0,0.0,0.0,0.0,0.0,0.0
1729156192.250687,0.0,0.0,0.0,0.0,0.0,0.0,0.0,0.0,0.0
1729156192.251047,0.0,0.0,0.0,0.0,0.0,0.0,0.0,0.0,0.0
1729156192.251377,0.0,0.0,0.0,0.0,0.0,0.0,0.0,0.0,0.0
1729156192.251783,0.0,0.0,0.0,0.0,0.0,0.0,0.0,0.0,0.0
1729156192.258561,0.0,0.0,0.0,0.0,0.0,0.0,0.0,0.0,0.0
1729156192.301991,0.0,0.0,0.0,0.0,0.0,0.0,0.0,0.0,0.0
1729156192.30226,0.0,0.0,0.0,0.0,0.0,0.0,0.0,0.0,0.0
1729156192.302494,0.0,0.0,0.0,0.0,0.0,0.0,0.0,0.0,0.0
1729156192.302683,0.0,0.0,0.0,0.0,0.0,0.0,0.0,0.0,0.0
1729156192.302876,0.0,0.0,0.0,0.0,0.0,0.0,0.0,0.0,0.0
1729156192.34633,0.0,0.0,0.0,0.0,0.0,0.0,0.0,0.0,0.0
1729156192.346729,0.0,0.0,0.0,0.0,0.0,0.0,0.0,0.0,0.0
1729156192.347088,0.0,0.0,0.0,0.0,0.0,0.0,0.0,0.0,0.0
1729156192.347453,0.0,0.0,0.0,0.0,0.0,0.0,0.0,0.0,0.0
1729156192.347964,0.0,0.0,0.0,0.0,0.0,0.0,0.0,0.0,0.0
1729156192.390052,0.0,0.0,0.0,0.0,0.0,0.0,0.0,0.0,0.0
1729156192.390424,0.0,0.0,0.0,0.0,0.0,0.0,0.0,0.0,0.0
1729156192.390767,0.0,0.0,0.0,0.0,0.0,0.0,0.0,0.0,0.0
1729156192.391076,0.0,0.0,0.0,0.0,0.0,0.0,0.0,0.0,0.0
1729156192.391405,0.0,0.0,0.0,0.0,0.0,0.0,0.0,0.0,0.0
1729156192.391718,0.0,0.0,0.0,0.0,0.0,0.0,0.0,0.0,0.0
1729156192.43399,0.0,0.0,0.0,0.0,0.0,0.0,0.0,0.0,0.0
1729156192.434324,0.0,0.0,0.0,0.0,0.0,0.0,0.0,0.0,0.0
1729156192.434518,0.0,0.0,0.0,0.0,0.0,0.0,0.0,0.0,0.0
1729156192.434701,0.0,0.0,0.0,0.0,0.0,0.0,0.0,0.0,0.0
1729156192.434886,0.0,0.0,0.0,0.0,0.0,0.0,0.0,0.0,0.0
1729156192.435471,0.0,0.0,0.0,0.0,0.0,0.0,0.0,0.0,0.0
1729156192.442424,0.0,0.0,0.0,0.0,0.0,0.0,0.0,0.0,0.0
1729156192.489979,0.0,0.0,0.0,0.0,0.0,0.0,0.0,0.0,0.0
1729156192.490341,0.0,0.0,0.0,0.0,0.0,0.0,0.0,0.0,0.0
1729156192.490645,0.0,0.0,0.0,0.0,0.0,0.0,0.0,0.0,0.0
1729156192.490953,0.0,0.0,0.0,0.0,0.0,0.0,0.0,0.0,0.0
1729156192.491256,0.0,0.0,0.0,0.0,0.0,0.0,0.0,0.0,0.0
1729156192.534423,0.0,0.0,0.0,0.0,0.0,0.0,0.0,0.0,0.0
1729156192.538418,0.0,0.0,0.0,0.0,0.0,0.0,0.0,0.0,0.0
1729156192.540606,0.0,0.0,0.0,0.0,0.0,0.0,0.0,0.0,0.0
1729156192.542225,0.0,0.0,0.0,0.0,0.0,0.0,0.0,0.0,0.0
1729156192.54466,0.0,0.0,0.0,0.0,0.0,0.0,0.0,0.0,0.0
1729156192.545189,0.0,0.0,0.0,0.0,0.0,0.0,0.0,0.0,0.0
1729156192.578314,0.0,0.0,0.0,0.0,0.0,0.0,0.0,0.0,0.0
1729156192.580066,0.0,0.0,0.0,0.0,0.0,0.0,0.0,0.0,0.0
1729156192.585917,0.0,0.0,0.0,0.0,0.0,0.0,0.0,0.0,0.0
1729156192.586177,0.0,0.0,0.0,0.0,0.0,0.0,0.0,0.0,0.0
1729156192.586415,0.0,0.0,0.0,0.0,0.0,0.0,0.0,0.0,0.0
1729156192.58673,0.0,0.0,0.0,0.0,0.0,0.0,0.0,0.0,0.0
1729156192.587023,0.0,0.0,0.0,0.0,0.0,0.0,0.0,0.0,0.0
1729156192.630079,0.0,0.0,0.0,0.0,0.0,0.0,0.0,0.0,0.0
1729156192.636716,0.0,0.0,0.0,0.0,0.0,0.0,0.0,0.0,0.0
1729156192.637916,0.0,0.0,0.0,0.0,0.0,0.0,0.0,0.0,0.0
1729156192.638236,0.0,0.0,0.0,0.0,0.0,0.0,0.0,0.0,0.0
1729156192.638522,0.0,0.0,0.0,0.0,0.0,0.0,0.0,0.0,0.0
1729156192.674016,0.0,0.0,0.0,0.0,0.0,0.0,0.0,0.0,0.0
1729156192.675541,0.0,0.0,0.0,0.0,0.0,0.0,0.0,0.0,0.0
1729156192.676867,0.0,0.0,0.0,0.0,0.0,0.0,0.0,0.0,0.0
1729156192.678508,0.0,0.0,0.0,0.0,0.0,0.0,0.0,0.0,0.0
1729156192.67949,0.0,0.0,0.0,0.0,0.0,0.0,0.0,0.0,0.0
1729156192.722117,0.0,0.0,0.0,0.0,0.0,0.0,0.0,0.0,0.0
1729156192.723088,0.0,0.0,0.0,0.0,0.0,0.0,0.0,0.0,0.0
1729156192.723401,0.0,0.0,0.0,0.0,0.0,0.0,0.0,0.0,0.0
1729156192.723698,0.0,0.0,0.0,0.0,0.0,0.0,0.0,0.0,0.0
1729156192.723995,0.0,0.0,0.0,0.0,0.0,0.0,0.0,0.0,0.0
1729156192.724284,0.0,0.0,0.0,0.0,0.0,0.0,0.0,0.0,0.0
1729156192.766037,0.0,0.0,0.0,0.0,0.0,0.0,0.0,0.0,0.0
1729156192.76723,0.0,0.0,0.0,0.0,0.0,0.0,0.0,0.0,0.0
1729156192.767464,0.0,0.0,0.0,0.0,0.0,0.0,0.0,0.0,0.0
1729156192.767684,0.0,0.0,0.0,0.0,0.0,0.0,0.0,0.0,0.0
1729156192.767901,0.0,0.0,0.0,0.0,0.0,0.0,0.0,0.0,0.0
1729156192.768115,0.0,0.0,0.0,0.0,0.0,0.0,0.0,0.0,0.0
1729156192.810482,0.0,0.0,0.0,0.0,0.0,0.0,0.0,0.0,0.0
1729156192.810819,0.0,0.0,0.0,0.0,0.0,0.0,0.0,0.0,0.0
1729156192.811096,0.0,0.0,0.0,0.0,0.0,0.0,0.0,0.0,0.0
1729156192.811366,0.0,0.0,0.0,0.0,0.0,0.0,0.0,0.0,0.0
1729156192.811642,0.0,0.0,0.0,0.0,0.0,0.0,0.0,0.0,0.0
1729156192.812051,0.0,0.0,0.0,0.0,0.0,0.0,0.0,0.0,0.0
1729156192.818477,0.0,0.0,0.0,0.0,0.0,0.0,0.0,0.0,0.0
1729156192.861974,0.0,0.0,0.0,0.0,0.0,0.0,0.0,0.0,0.0
1729156192.86232,0.0,0.0,0.0,0.0,0.0,0.0,0.0,0.0,0.0
1729156192.86258,0.0,0.0,0.0,0.0,0.0,0.0,0.0,0.0,0.0
1729156192.862846,0.0,0.0,0.0,0.0,0.0,0.0,0.0,0.0,0.0
1729156192.863108,0.0,0.0,0.0,0.0,0.0,0.0,0.0,0.0,0.0
1729156192.90998,0.0,0.0,0.0,0.0,0.0,0.0,0.0,0.0,0.0
1729156192.910312,0.0,0.0,0.0,0.0,0.0,0.0,0.0,0.0,0.0
1729156192.910597,0.0,0.0,0.0,0.0,0.0,0.0,0.0,0.0,0.0
1729156192.910853,0.0,0.0,0.0,0.0,0.0,0.0,0.0,0.0,0.0
1729156192.911088,0.0,0.0,0.0,0.0,0.0,0.0,0.0,0.0,0.0
1729156192.911385,0.0,0.0,0.0,0.0,0.0,0.0,0.0,0.0,0.0
1729156192.957969,0.0,0.0,0.0,0.0,0.0,0.0,0.0,0.0,0.0
1729156192.958238,0.0,0.0,0.0,0.0,0.0,0.0,0.0,0.0,0.0
1729156192.958487,0.0,0.0,0.0,0.0,0.0,0.0,0.0,0.0,0.0
1729156192.958706,0.0,0.0,0.0,0.0,0.0,0.0,0.0,0.0,0.0
1729156192.958938,0.0,0.0,0.0,0.0,0.0,0.0,0.0,0.0,0.0
1729156192.959193,0.0,0.0,0.0,0.0,0.0,0.0,0.0,0.0,0.0
1729156193.006185,0.0,0.0,0.0,0.0,0.0,0.0,0.0,0.0,0.0
1729156193.006512,0.0,0.0,0.0,0.0,0.0,0.0,0.0,0.0,0.0
1729156193.00678,0.0,0.0,0.0,0.0,0.0,0.0,0.0,0.0,0.0
1729156193.007043,0.0,0.0,0.0,0.0,0.0,0.0,0.0,0.0,0.0
1729156193.007312,0.0,0.0,0.0,0.0,0.0,0.0,0.0,0.0,0.0
1729156193.007571,0.0,0.0,0.0,0.0,0.0,0.0,0.0,0.0,0.0
1729156193.050019,0.0,0.0,0.0,0.0,0.0,0.0,0.0,0.0,0.0
1729156193.050847,0.0,0.0,0.0,0.0,0.0,0.0,0.0,0.0,0.0
1729156193.05108,0.0,0.0,0.0,0.0,0.0,0.0,0.0,0.0,0.0
1729156193.051333,0.0,0.0,0.0,0.0,0.0,0.0,0.0,0.0,0.0
1729156193.051587,0.0,0.0,0.0,0.0,0.0,0.0,0.0,0.0,0.0
1729156193.051918,0.0,0.0,0.0,0.0,0.0,0.0,0.0,0.0,0.0
1729156193.058385,0.0,0.0,0.0,0.0,0.0,0.0,0.0,0.0,0.0
1729156193.106055,0.0,0.0,0.0,0.0,0.0,0.0,0.0,0.0,0.0
1729156193.106632,0.0,0.0,0.0,0.0,0.0,0.0,0.0,0.0,0.0
1729156193.106942,0.0,0.0,0.0,0.0,0.0,0.0,0.0,0.0,0.0
1729156193.107224,0.0,0.0,0.0,0.0,0.0,0.0,0.0,0.0,0.0
1729156193.107525,0.0,0.0,0.0,0.0,0.0,0.0,0.0,0.0,0.0
1729156193.150003,0.0,0.0,0.0,0.0,0.0,0.0,0.0,0.0,0.0
1729156193.150346,0.0,0.0,0.0,0.0,0.0,0.0,0.0,0.0,0.0
1729156193.15062,0.0,0.0,0.0,0.0,0.0,0.0,0.0,0.0,0.0
1729156193.150899,0.0,0.0,0.0,0.0,0.0,0.0,0.0,0.0,0.0
1729156193.151179,0.0,0.0,0.0,0.0,0.0,0.0,0.0,0.0,0.0
1729156193.151456,0.0,0.0,0.0,0.0,0.0,0.0,0.0,0.0,0.0
1729156193.193929,0.0,0.0,0.0,0.0,0.0,0.0,0.0,0.0,0.0
1729156193.194396,0.0,0.0,0.0,0.0,0.0,0.0,0.0,0.0,0.0
1729156193.194606,0.0,0.0,0.0,0.0,0.0,0.0,0.0,0.0,0.0
1729156193.194809,0.0,0.0,0.0,0.0,0.0,0.0,0.0,0.0,0.0
1729156193.195005,0.0,0.0,0.0,0.0,0.0,0.0,0.0,0.0,0.0
1729156193.195268,0.0,0.0,0.0,0.0,0.0,0.0,0.0,0.0,0.0
1729156193.202579,0.0,0.0,0.0,0.0,0.0,0.0,0.0,0.0,0.0
1729156193.245956,0.0,0.0,0.0,0.0,0.0,0.0,0.0,0.0,0.0
1729156193.246303,0.0,0.0,0.0,0.0,0.0,0.0,0.0,0.0,0.0
1729156193.246973,0.0,0.0,0.0,0.0,0.0,0.0,0.0,0.0,0.0
1729156193.247267,0.0,0.0,0.0,0.0,0.0,0.0,0.0,0.0,0.0
1729156193.247545,0.0,0.0,0.0,0.0,0.0,0.0,0.0,0.0,0.0
1729156193.29395,0.0,0.0,0.0,0.0,0.0,0.0,0.0,0.0,0.0
1729156193.294202,0.0,0.0,0.0,0.0,0.0,0.0,0.0,0.0,0.0
1729156193.294406,0.0,0.0,0.0,0.0,0.0,0.0,0.0,0.0,0.0
1729156193.294603,0.0,0.0,0.0,0.0,0.0,0.0,0.0,0.0,0.0
1729156193.2948,0.0,0.0,0.0,0.0,0.0,0.0,0.0,0.0,0.0
1729156193.294994,0.0,0.0,0.0,0.0,0.0,0.0,0.0,0.0,0.0
1729156193.341991,0.0,0.0,0.0,0.0,0.0,0.0,0.0,0.0,0.0
1729156193.342295,0.0,0.0,0.0,0.0,0.0,0.0,0.0,0.0,0.0
1729156193.342564,0.0,0.0,0.0,0.0,0.0,0.0,0.0,0.0,0.0
1729156193.342827,0.0,0.0,0.0,0.0,0.0,0.0,0.0,0.0,0.0
1729156193.343101,0.0,0.0,0.0,0.0,0.0,0.0,0.0,0.0,0.0
1729156193.343327,0.0,0.0,0.0,0.0,0.0,0.0,0.0,0.0,0.0
1729156193.389928,0.0,0.0,0.0,0.0,0.0,0.0,0.0,0.0,0.0
1729156193.390175,0.0,0.0,0.0,0.0,0.0,0.0,0.0,0.0,0.0
1729156193.390376,0.0,0.0,0.0,0.0,0.0,0.0,0.0,0.0,0.0
1729156193.390574,0.0,0.0,0.0,0.0,0.0,0.0,0.0,0.0,0.0
1729156193.39077,0.0,0.0,0.0,0.0,0.0,0.0,0.0,0.0,0.0
1729156193.390969,0.0,0.0,0.0,0.0,0.0,0.0,0.0,0.0,0.0
1729156193.433997,0.0,0.0,0.0,0.0,0.0,0.0,0.0,0.0,0.0
1729156193.434535,0.0,0.0,0.0,0.0,0.0,0.0,0.0,0.0,0.0
1729156193.43475,0.0,0.0,0.0,0.0,0.0,0.0,0.0,0.0,0.0
1729156193.434951,0.0,0.0,0.0,0.0,0.0,0.0,0.0,0.0,0.0
1729156193.435151,0.0,0.0,0.0,0.0,0.0,0.0,0.0,0.0,0.0
1729156193.435427,0.0,0.0,0.0,0.0,0.0,0.0,0.0,0.0,0.0
1729156193.442719,0.0,0.0,0.0,0.0,0.0,0.0,0.0,0.0,0.0
1729156193.486649,0.0,0.0,0.0,0.0,0.0,0.0,0.0,0.0,0.0
1729156193.488739,0.0,0.0,0.0,0.0,0.0,0.0,0.0,0.0,0.0
1729156193.495904,0.0,0.0,0.0,0.0,0.0,0.0,0.0,0.0,0.0
1729156193.496171,0.0,0.0,0.0,0.0,0.0,0.0,0.0,0.0,0.0
1729156193.496402,0.0,0.0,0.0,0.0,0.0,0.0,0.0,0.0,0.0
1729156193.533595,0.0,0.0,0.0,0.0,0.0,0.0,0.0,0.0,0.0
1729156193.536003,0.0,0.0,0.0,0.0,0.0,0.0,0.0,0.0,0.0
1729156193.536366,0.0,0.0,0.0,0.0,0.0,0.0,0.0,0.0,0.0
1729156193.536635,0.0,0.0,0.0,0.0,0.0,0.0,0.0,0.0,0.0
1729156193.536894,0.0,0.0,0.0,0.0,0.0,0.0,0.0,0.0,0.0
1729156193.578423,0.0,0.0,0.0,0.0,0.0,0.0,0.0,0.0,0.0
1729156193.578694,0.0,0.0,0.0,0.0,0.0,0.0,0.0,0.0,0.0
1729156193.578907,0.0,0.0,0.0,0.0,0.0,0.0,0.0,0.0,0.0
1729156193.579123,0.0,0.0,0.0,0.0,0.0,0.0,0.0,0.0,0.0
1729156193.579329,0.0,0.0,0.0,0.0,0.0,0.0,0.0,0.0,0.0
1729156193.579532,0.0,0.0,0.0,0.0,0.0,0.0,0.0,0.0,0.0
1729156193.622108,0.0,0.0,0.0,0.0,0.0,0.0,0.0,0.0,0.0
1729156193.622507,0.0,0.0,0.0,0.0,0.0,0.0,0.0,0.0,0.0
1729156193.622785,0.0,0.0,0.0,0.0,0.0,0.0,0.0,0.0,0.0
1729156193.623052,0.0,0.0,0.0,0.0,0.0,0.0,0.0,0.0,0.0
1729156193.623314,0.0,0.0,0.0,0.0,0.0,0.0,0.0,0.0,0.0
1729156193.623704,0.0,0.0,0.0,0.0,0.0,0.0,0.0,0.0,0.0
1729156193.665961,0.0,0.0,0.0,0.0,0.0,0.0,0.0,0.0,0.0
1729156193.666557,0.0,0.0,0.0,0.0,0.0,0.0,0.0,0.0,0.0
1729156193.666788,0.0,0.0,0.0,0.0,0.0,0.0,0.0,0.0,0.0
1729156193.667007,0.0,0.0,0.0,0.0,0.0,0.0,0.0,0.0,0.0
1729156193.667241,0.0,0.0,0.0,0.0,0.0,0.0,0.0,0.0,0.0
1729156193.667564,0.0,0.0,0.0,0.0,0.0,0.0,0.0,0.0,0.0
1729156193.674391,0.0,0.0,0.0,0.0,0.0,0.0,0.0,0.0,0.0
