Time,Denoised_Gyro_x,Denoised_Gyro_y,Denoised_Gyro_z
1729144103.222031,0.013105452442582528,-0.027692182434846616,0.0088379600321205013
1729144103.230562,0.011268791957245769,-0.028960321243306886,0.0082826064495065219
1729144103.241017,0.0080383453587335556,-0.029508359497652032,0.0062466340540900077
1729144103.245906,0.0048230072152401337,-0.029411492388797089,0.0037479804324540046
1729144103.255007,0.0018295791754890007,-0.027863456908367008,0.0022487882594724026
1729144103.261842,-0.00081785777128574183,-0.024167650220605758,0.0013492729556834416
1729144103.269509,-0.0013420947856955081,-0.02067309602356291,0.00080956377341006485
1729144103.277677,-0.00080525687141730481,-0.019427743628261267,0.0013371183869701022
1729144103.286848,-0.00048315412285038282,-0.019319067283273331,0.0016536511551061245
1729144103.293731,-0.049244249541843865,-0.022020846875783772,-0.010501440966411179
1729144103.301703,-0.25026684659316972,-0.010232677695236041,-0.043335899927043453
1729144103.309918,-0.54754178033070833,0.040899145174412864,-0.076445812239476815
1729144103.317691,-0.87276981177763235,0.15969608161884274,-0.078219932014800486
1729144103.326166,-1.1879512279780799,0.30461862411843216,-0.054381535284465848
1729144103.333513,-1.4164364083835861,0.38114274311236607,-0.036460131723837788
1729144103.34159,-1.5584229523337032,0.3825726030859441,-0.021663234003571657
1729144103.34949,-1.6193505452004378,0.35065238433751444,0.045108752987424325
1729144103.357492,-1.5975875625001801,0.3404397443791593,0.14178872335647213
1729144103.365483,-1.5202505735992586,0.36176916936844727,0.18021496275064733
1729144103.373661,-1.4291509238051927,0.37605673957713714,0.12962632575422098
1729144103.381855,-1.3468212799337209,0.37590263544237945,0.045849040842880218
1729144103.390893,-1.259749923171448,0.34707609381283772,-0.016975186917054165
1729144103.397688,-1.1119396903158583,0.27507899593724161,-0.05232842823497362
1729144103.405712,-0.92917604701939527,0.18462914038959838,-0.05438432025993388
1729144103.413711,-0.74438356519346893,0.051819410721267653,-0.057320615720758167
1729144103.421872,-0.57178301718591862,-0.12385953593941892,-0.095904583313718469
1729144103.429521,-0.4316133430956538,-0.30631680506045855,-0.18397269824245446
1729144103.437484,-0.31877745949280767,-0.47453639501484274,-0.27661558794639601
1729144103.44551,-0.2395822976716252,-0.60122239770592611,-0.3302857164921818
1729144103.45365,-0.19057528536379859,-0.69341022165613353,-0.36121072343526717
1729144103.461468,-0.16329952828641281,-0.73701643933605199,-0.37444460183284306
1729144103.469465,-0.16311029637553853,-0.68889725421887849,-0.35918482052170786
1729144103.477738,-0.20024463760694172,-0.57978316656298157,-0.3285316036311941
1729144103.485841,-0.2297619733906382,-0.50239539224850638,-0.31865347472612648
1729144103.493626,-0.14722236538654759,-0.50789691515818913,-0.300594430631418
1729144103.501536,0.039373599206680918,-0.51481619442642601,-0.23058808563137051
1729144103.509914,0.30649520536552854,-0.34592475200305239,-0.14346113211636669
1729144103.517736,0.60511743903599735,-0.068141356073016066,-0.058832515336249974
1729144103.525528,0.82153865961620642,0.13960777241609176,0.026851239771706635
1729144103.533459,0.95628682767114526,0.26723707993979068,0.09145788474180358
1729144103.541463,1.0345815881353362,0.34509173463839615,0.12724204129362751
1729144103.54959,1.0460133242817713,0.38031089579808453,0.15318228087007321
1729144103.557485,1.0024280936863814,0.36313028696231475,0.1804529013061465
1729144103.565574,0.95818512771701125,0.30940153539172566,0.204052004612645
1729144103.57355,0.94951833071679448,0.22927415253489361,0.22715095788724676
1729144103.581901,0.96219723509806987,0.14522691262725274,0.23100661340765008
1729144103.591019,0.94958429980738845,0.096927018989978353,0.16222976645573281
1729144103.597561,0.88986950610388083,0.090721501095832435,0.029014605008783608
1729144103.605791,0.81764412962677246,0.1116882139241427,-0.09774039862020939
1729144103.613675,0.77473459380196952,0.11554159536115721,-0.19592928399363083
1729144103.621504,0.76324948936606585,0.075497463107893792,-0.26420779656984839
1729144103.629633,0.78019707014639739,-0.0011017388346251725,-0.30304645380826878
1729144103.637457,0.81143727665696685,-0.06047049693619054,-0.36210761331413166
1729144103.645502,0.83528968130085302,-0.065442067371863491,-0.44947849651601723
1729144103.653451,0.86301036102323869,-0.037136790115807936,-0.52552682484829139
1729144103.661491,0.89922451168392348,-0.016535258239747334,-0.57222004700131079
1729144103.669447,0.92350714244910659,-0.055895681581747805,-0.57788725206636582
1729144103.677739,0.89678478494639946,-0.13506448860774323,-0.53595158355969252
1729144103.685592,0.8215804519015526,-0.1993805302510907,-0.45992022011097577
1729144103.693962,0.71579701831630516,-0.23882153536002326,-0.36917825552677036
1729144103.701571,0.59805147532874758,-0.2661045039478101,-0.29621555910264874
1729144103.709867,0.48653790363585803,-0.30801568878820407,-0.24669112541843835
1729144103.717628,0.37706075447392112,-0.38637365737519441,-0.12928431254673362
1729144103.725498,0.28753582153488522,-0.4819171055340602,0.051200656064224387
1729144103.733463,0.20806661305301077,-0.59288012217359565,0.22355799148083497
1729144103.741599,0.12973540353861981,-0.69840857278109281,0.37060562403065955
1729144103.74959,0.06209070984907672,-0.71575111650769174,0.50417019510626071
1729144103.757491,0.012138712283186161,-0.62228826774691537,0.64305416623338163
1729144103.765431,-0.0088929949656455058,-0.49171479773459398,0.74937181222860394
1729144103.773533,0.01807715640102444,-0.38229534124047282,0.80145592313553149
1729144103.781562,0.077041098397960583,-0.30344727543867722,0.81610447728266877
1729144103.789551,0.14775173869747088,-0.26699353252488162,0.79381823528422291
1729144103.797539,0.17825880115624018,-0.30216375501251652,0.737238948846759
1729144103.80608,0.13270952941219702,-0.37605145612638935,0.69201059035553691
1729144103.813559,0.010238237629007059,-0.42591804759371948,0.74575468693858959
1729144103.821876,-0.15753488605474691,-0.43583056958540206,0.87761261927053669
1729144103.829749,-0.30949441267117411,-0.34876480435095769,0.94204107154926486
1729144103.837512,-0.44196206460284748,-0.20223499659645111,0.85809940521543659
1729144103.845601,-0.54591983429591828,-0.087498638071639143,0.69513938415843235
1729144103.853845,-0.6302175342770554,0.016675452144596658,0.51392811947767159
1729144103.861525,-0.69186409586375053,0.12494158788150653,0.33560103562017296
1729144103.869932,-0.69160415243783979,0.24800796271321976,0.21583408346181288
1729144103.877605,-0.62312493151763726,0.39315087290713802,0.17249514628475288
1729144103.885685,-0.53031605649787894,0.51642027424776171,0.16884051220527357
1729144103.893581,-0.44163975172271652,0.59016907002140484,0.17431015286390256
1729144103.901597,-0.37119352136840678,0.61462375962760629,0.19781221517852643
1729144103.909616,-0.32637164278704878,0.56501737411056041,0.20637948176829435
1729144103.918358,-0.3028840361299302,0.4565008814298569,0.16873799054522093
1729144103.926315,-0.3124172705468018,0.35435595047423812,0.13891636476652233
1729144103.933481,-0.38795038127669795,0.25731102673805617,0.17487318207425021
1729144103.94149,-0.49967789730271261,0.16183619211841926,0.22624557676122914
1729144103.949474,-0.56501164667247328,0.1045512913466371,0.22535510399449513
1729144103.957513,-0.56143004511739547,0.087846488434242129,0.17969767381947938
1729144103.965449,-0.48286971815191415,0.082931887424349524,0.08653410121858604
1729144103.973547,-0.37166716772258956,0.075513381173062624,-0.021298229840317817
1729144103.981556,-0.29132355549820982,0.075319178036910794,-0.0789737424615366
1729144103.989558,-0.2384347974874996,0.044978661791415457,-0.10953499445037859
1729144103.997566,-0.1907381653762473,-0.040271832636151722,-0.1497947838089784
1729144104.006223,-0.11635850450232753,-0.17443169127778818,-0.20523887694159759
1729144104.013936,-0.00085331274454739092,-0.40583473325106023,-0.29363219578050215
1729144104.021655,0.11804269447044737,-0.7004791209301271,-0.40818040096510855
1729144104.029542,0.23854750089830887,-0.99986449123863219,-0.5379958478956739
1729144104.037545,0.36597724771435891,-1.2131252282792357,-0.6650523181528778
1729144104.045494,0.46499666906147658,-1.1284494848033133,-0.77895977074658984
1729144104.053566,0.51397891536392737,-0.81988870650249956,-0.88987324844902027
1729144104.061489,0.53379023676250215,-0.56110785888907988,-0.96429660120752603
1729144104.069891,0.54588987463237804,-0.33304634981102066,-0.95041822941160026
1729144104.077558,0.53590920986509127,-0.058285864450486877,-0.86248716484064492
1729144104.085561,0.51544734891501021,0.15105503818861571,-0.75204752276996634
1729144104.093663,0.49955186682253416,0.21642443607519979,-0.62299445346190963
1729144104.101583,0.49469716824313098,0.20584033761609249,-0.52214965849666384
1729144104.109519,0.48369623792771044,0.22034869155226772,-0.44333810887464892
1729144104.118425,0.44495608009807475,0.27438969545967917,-0.31602144754657802
1729144104.125567,0.38744393545259981,0.3206492248016421,-0.095535364944837817
1729144104.135396,0.32867231516197903,0.36160133431214286,0.14764854562706553
1729144104.141494,0.28404416163544183,0.43001867634903257,0.29611303233897973
1729144104.149502,0.26045994498048475,0.52938861999146469,0.31814553968585824
1729144104.157752,0.25993149695429552,0.62242725600169346,0.24580134174011703
1729144104.165447,0.28132462127314561,0.68378440840683707,0.12640914700169964
1729144104.173502,0.30607981758539254,0.71974731972699924,0.028593891378734266
1729144104.181512,0.31561180960446533,0.73089566001327677,-0.017750250212646031
1729144104.189547,0.32899342592222558,0.71927999154217592,-0.10962308941750998
1729144104.197568,0.36213810933914159,0.6925160026015309,-0.25009765026356567
1729144104.206143,0.44098299290178256,0.64282809438164334,-0.39632029071392472
1729144104.21351,0.59386105828195102,0.52979294243388375,-0.56110377610876783
1729144104.221587,0.77774979581658188,0.37896228928013176,-0.72702005202594366
1729144104.229554,0.98343761210485547,0.22908013381392719,-0.905748169008187
1729144104.241472,1.1911369340473019,0.10637270580162803,-1.0859908847382713
1729144104.245644,1.3442777613307257,0.057012582497584306,-1.2377697454761805
1729144104.254079,1.3823124649258332,0.081033456259374068,-1.3807712494172937
1729144104.26183,1.3110557834997887,0.12460574972659709,-1.487430964793601
1729144104.27022,1.2106207713160568,0.13265729819479455,-1.4941714807527422
1729144104.277638,1.1086421379825384,0.1168422592948045,-1.4132906230665516
1729144104.285563,0.98551705403970169,0.089899943434867166,-1.3002700641433396
1729144104.293555,0.82692968144305556,0.038827968879018175,-1.2077677052246145
1729144104.301612,0.667498058604301,-0.015653859296364987,-1.1214037604173823
1729144104.309505,0.49734332414519278,-0.039190619880161204,-0.91356998600720818
1729144104.317593,0.32458593326703061,-0.037774988987074778,-0.61987076696067722
1729144104.325556,0.16325049541202802,-0.032881554867333629,-0.33446173476774754
1729144104.333507,-0.0016611771348985852,-0.032925324825723162,-0.040617577750924623
1729144104.341569,-0.14828546754680208,-0.044870908521693759,0.23019211010374013
1729144104.349528,-0.27755197775576129,-0.076089747211880901,0.46738652860312552
1729144104.357649,-0.38831570867517529,-0.11738262368348086,0.66163736720112465
1729144104.365506,-0.47861259066869744,-0.16344285263954242,0.80543203429349408
1729144104.373571,-0.54343297140136149,-0.22066444928479054,0.92491265934295419
1729144104.381571,-0.56082785173712724,-0.27287638985334473,1.0142671719233045
1729144104.389594,-0.51847921231729488,-0.32655228242123391,1.030419154062856
1729144104.397621,-0.45497076816454363,-0.38557629183407538,0.9715742434511998
1729144104.405974,-0.44283279542207676,-0.39332084348674823,0.89454967106092698
1729144104.41455,-0.4664125412325939,-0.2393980265837452,0.85365605339503869
1729144104.422728,-0.49567238590080637,0.020677547774097083,0.83827221911693939
1729144104.429606,-0.58261577272004506,0.21162947742868904,0.76348564908492689
1729144104.437902,-0.70906472053671277,0.31683545386927953,0.63177293452746497
1729144104.447326,-0.7945121156096091,0.41465277974278941,0.46590453325473347
1729144104.453817,-0.82854010516413457,0.5210204621506429,0.24825450043538072
1729144104.461489,-0.83533481693006484,0.58611814177974109,0.03252646845136279
1729144104.469822,-0.82046843625456267,0.59729405053143692,-0.16182808511200777
1729144104.477596,-0.78515582403861539,0.58846190853909019,-0.33420621530155625
1729144104.485739,-0.73565986762182189,0.59593332518754305,-0.45742768127326988
1729144104.493818,-0.67978235499183093,0.62340343849556445,-0.53136056085629801
1729144104.501607,-0.63901911636898179,0.6515919831705832,-0.57167623302222559
1729144104.50954,-0.64223102719030423,0.65956561868489183,-0.59671701644470621
1729144104.517555,-0.69119692547465217,0.66073143447104976,-0.60216346011529887
1729144104.525757,-0.73994536224178342,0.67569154100172257,-0.57776147232262243
1729144104.533474,-0.7553594973045461,0.66785284749237595,-0.542261466635377
1729144104.54146,-0.75907400754319743,0.64229081837512858,-0.50116687536504523
1729144104.549482,-0.77833031614486936,0.64589680863984045,-0.38860512291093668
1729144104.557477,-0.80286764818046452,0.64465488230697132,-0.21251710576565347
1729144104.565438,-0.81610013218670452,0.56111300955288468,-0.024280423554849419
1729144104.573602,-0.79296424810372024,0.42755263385387454,0.155920615482634
1729144104.581532,-0.73587517641553346,0.32272638486967065,0.30682309008205821
1729144104.590078,-0.65756281204130107,0.21534602405636599,0.45887678872297638
1729144104.597558,-0.57247613291590982,0.088979903625657608,0.60374595565174327
1729144104.605596,-0.49290289132271897,-0.057930008896926719,0.68875185053242416
1729144104.613609,-0.40152571506694623,-0.21567628145951948,0.69399370585366438
1729144104.621533,-0.30732307862824465,-0.34139941948380342,0.65393127780801219
1729144104.629485,-0.22547293810803284,-0.47536568574940313,0.60264965704705098
1729144104.637482,-0.16274077182912072,-0.63683940221727997,0.54293376041105601
1729144104.648614,-0.11041516494133338,-0.82482130525088082,0.43665251725749288
1729144104.653597,-0.051775636875090958,-1.0176401786259031,0.24347399268089731
1729144104.661588,0.0027769777611769408,-1.1571701460927903,0.0224214327538182
1729144104.669589,0.046789333171681512,-1.2630240097689485,-0.19768941083287672
1729144104.6776,0.086393138323307223,-1.3341987490809597,-0.38999106068177114
1729144104.685524,0.12037198288937141,-1.23514880220131,-0.49047289843993674
1729144104.693562,0.13522531883000352,-0.94733611609914037,-0.52692335765296239
1729144104.701537,0.13434644898075604,-0.68269945116203967,-0.55283768876466688
1729144104.709648,0.14382284351556532,-0.54456342018068782,-0.58434966473651584
1729144104.717546,0.17058033827882146,-0.47125982797477245,-0.60453392050401145
1729144104.725481,0.19216880593578153,-0.44643372541701465,-0.59259298549190387
1729144104.733455,0.2053347315606886,-0.45367394707838554,-0.56754944190323409
1729144104.741538,0.23813715553116169,-0.40629673760757123,-0.56657108777827925
1729144104.74948,0.2733562971568097,-0.19524937555787114,-0.54576379738385983
1729144104.757413,0.29895752777754986,0.10016515104164445,-0.4617634928215868
1729144104.765466,0.35731296235765914,0.29635707473641421,-0.31643442637819003
1729144104.773563,0.44277049538897545,0.39981161189429804,-0.15133570526460016
1729144104.781693,0.52682314994034174,0.4797633167704336,-0.029714899338958541
1729144104.790166,0.6070530469735036,0.55093444804579572,0.044108964339350465
1729144104.797658,0.67924247366600554,0.60747205380852898,0.095001478498997372
1729144104.807311,0.76214530539747571,0.66544610573877372,0.14107467423814965
1729144104.813688,0.85488170064402302,0.72343064524660139,0.16829290162017901
1729144104.821527,0.95075124860011329,0.75673145373618089,0.14865302785585494
1729144104.829484,1.0593557847492114,0.75329898544951668,0.063650413025791067
1729144104.837472,1.1549553458332054,0.7288907762507616,-0.058867086197868568
1729144104.845496,1.2193389684977252,0.66954839427799517,-0.19580540488990705
1729144104.853437,1.2505195660208517,0.56263987979944496,-0.31904748703621622
1729144104.861451,1.219635032374401,0.45443584975099466,-0.42853785645608133
1729144104.869441,1.1134121595253519,0.37482712460148437,-0.56553516340289067
1729144104.877526,0.98007811076688023,0.30705445662306274,-0.69945489003861305
1729144104.885538,0.85431599990462892,0.21317959815325577,-0.7821480213580877
1729144104.894302,0.76225682099025893,0.10364342538861765,-0.81792897315225654
1729144104.901617,0.72958288689912454,-0.009968410184643773,-0.83428926349121346
1729144104.909522,0.71827948264295349,-0.1328366844264717,-0.84197698738727744
1729144104.917544,0.68595603640152902,-0.23656879830464167,-0.83403176491178588
1729144104.92553,0.59589741845397715,-0.3088117830759014,-0.77413776846715776
1729144104.933501,0.46779217699105247,-0.36386405062886307,-0.66115146947575321
1729144104.941557,0.34580588559832226,-0.41264594343473526,-0.49119407533002291
1729144104.949449,0.23451485026183239,-0.4600069067303949,-0.24959329868303839
1729144104.957412,0.14368874058733364,-0.51162359305747152,-0.00055161266738094905
1729144104.965423,0.059394770480292194,-0.58282131566187934,0.2376297767568471
1729144104.973545,-0.022044141039929969,-0.66151075941806581,0.45397014601358432
1729144104.981547,-0.091340610902240771,-0.72128228248490756,0.6220864730992095
1729144104.992292,-0.11801934066845615,-0.73798914355922118,0.75871423451339537
1729144104.997521,-0.095288782935140509,-0.71161675994880569,0.85388728326722985
1729144105.005561,-0.087610109155619564,-0.68153271272357818,0.89375066503031819
1729144105.013547,-0.1251462209726481,-0.65135011763677397,0.91809438414963329
1729144105.021542,-0.19981492059196415,-0.52958503061868667,1.0267781192043313
1729144105.029545,-0.32017612627306435,-0.3088115270805093,1.2292734050586551
1729144105.037509,-0.44751971264105755,-0.10568287475490569,1.3790789656584745
1729144105.045468,-0.57160315134560102,0.069192729292479438,1.3418938186719498
1729144105.0535,-0.71458931446371421,0.23073486989536074,1.1727196592756342
1729144105.06148,-0.84720691909540558,0.37853011660180225,0.9484035809060487
1729144105.069474,-0.94827482997825296,0.48870461272949983,0.73378420232943542
1729144105.077848,-1.0101926466923474,0.52309540082719697,0.57415004572747019
1729144105.085514,-1.0173321873877308,0.48626171538844093,0.32852665013165588
1729144105.093499,-0.98309096124264728,0.41903835761021202,0.00066002671426595994
1729144105.101504,-0.91997721940939381,0.38147132834277786,-0.30120539251728978
1729144105.10951,-0.84209410853201083,0.4015001169285205,-0.54745522345991415
1729144105.117553,-0.78621190568414734,0.45991760677932758,-0.70414461331619149
1729144105.126738,-0.76779458115733146,0.54796651334183477,-0.75495070599156144
1729144105.133516,-0.77590023920703333,0.65251719974697586,-0.74584518588081461
1729144105.141481,-0.7686314672851865,0.71397054140567451,-0.75911223651869597
1729144105.149463,-0.73489758989119824,0.72423691755951669,-0.76068711597949412
1729144105.157439,-0.7023122516724063,0.72571415257573957,-0.69032895836108277
1729144105.165439,-0.6946803704620681,0.70042055480555843,-0.52296118572019878
1729144105.173536,-0.70840591437873246,0.60713026986516694,-0.32548318812232513
1729144105.181551,-0.71366141029849695,0.44750056893492735,-0.16613014366324588
1729144105.189562,-0.69340175446994379,0.27594991743654196,0.032711522916744305
1729144105.197551,-0.65868438771532434,0.14066708186639632,0.27184827516630033
1729144105.205542,-0.60230884753047298,0.010330178425444276,0.50898214003768094
1729144105.213543,-0.52932003776505521,-0.12810710733600442,0.7174572635178551
1729144105.222725,-0.45572844760346232,-0.29843594139259011,0.87489478227707407
1729144105.229563,-0.37092009263688264,-0.49534928050184351,0.97212427893210862
1729144105.237573,-0.28363857940193105,-0.67351958263354206,0.99938660243840105
1729144105.245494,-0.19317041096010834,-0.88131030847906267,0.99041543788518571
1729144105.253518,-0.10589853013170727,-1.1149613997206551,0.97907307829278789
1729144105.261517,-0.043531685190308866,-1.3443341223419063,0.9622639460929916
1729144105.269469,0.0011251528193847067,-1.5419800545808036,0.88981487276892612
1729144105.277566,0.037497282008096558,-1.612677482009663,0.75375784040649496
1729144105.285515,0.064428840258868053,-1.3967020711595255,0.54675789788846796
1729144105.293515,0.083780450670296172,-0.99701648065178405,0.33124741419404602
1729144105.301569,0.10347952808493165,-0.68058091528397346,0.25302393135283663
1729144105.310476,0.12019441024052629,-0.46602955249848937,0.29952881013902688
1729144105.317644,0.13724722554800661,-0.33985287519597107,0.32721889238001012
1729144105.325541,0.17004048798998248,-0.3088443252679734,0.20676074193382582
1729144105.333753,0.22951846620186794,-0.30237136206284271,-0.017059810214368011
1729144105.341458,0.31522383535078796,-0.21845785258490236,-0.22095246655232645
1729144105.349454,0.39367837574297893,-0.048703684658038295,-0.33605132931024695
1729144105.357417,0.4435180853777968,0.1172151703481159,-0.37658941284704317
1729144105.365427,0.4774659667425768,0.24954461808438486,-0.42134538591929838
1729144105.373724,0.49315210488536243,0.37108560281088737,-0.46990916289721507
1729144105.381622,0.49298576138813804,0.47295711782620703,-0.48095560147182881
1729144105.389613,0.49224742019761036,0.53237726658955065,-0.43075384141141587
1729144105.397615,0.49180441548329379,0.55249166860419263,-0.34273893701633185
1729144105.406401,0.50728914492879906,0.58031084208707306,-0.24757383326380922
1729144105.413597,0.55191225769745089,0.62999332594010882,-0.17323432352308338
1729144105.421482,0.64615800010037394,0.71343976399614628,-0.14757382541370825
1729144105.429443,0.79486734384865754,0.80990784352913003,-0.16367859109627353
1729144105.437449,0.94837214937839454,0.85906204498894878,-0.20037276940865173
1729144105.445416,1.1060313021613895,0.85024246033325712,-0.25133620057549677
1729144105.453481,1.260436247466602,0.8187707707599271,-0.30213453719505029
1729144105.461452,1.3545691298648466,0.75987289123849822,-0.34623562113356743
1729144105.469445,1.378696414632679,0.67728256670335529,-0.40143035064536486
1729144105.477758,1.3263394458438393,0.62091733099887714,-0.47711619449864651
1729144105.485522,1.1942495650347653,0.55602281508946194,-0.54125806351494488
1729144105.494629,1.0398613407012722,0.45472251153962512,-0.56463118774282173
1729144105.501588,0.89146300804965017,0.33860262141965891,-0.56588436043568691
1729144105.509565,0.7662403532344042,0.23104427187755844,-0.5572710826992413
1729144105.517557,0.70409030721984867,0.11840628520708857,-0.49016521211464836
1729144105.525529,0.66339475911941914,-0.028993393319324302,-0.29601473254536814
1729144105.533511,0.59576988902076511,-0.16936738793353986,-0.038621034459867566
1729144105.541452,0.48772309221984073,-0.2693423169761644,0.23883961215395991
1729144105.549478,0.35819012479705725,-0.3350740902314765,0.52961749806916958
1729144105.557465,0.23343159255183271,-0.3953719671963033,0.83924082413249046
1729144105.565472,0.1234570431340804,-0.48582617621160845,1.172303581036346
1729144105.573545,0.041934626240064846,-0.58947874875038719,1.4453599257501286
1729144105.581545,-0.024857806477749808,-0.68402273694476889,1.6351608263275821
1729144105.590014,-0.078555348075223616,-0.74372896029163205,1.7541496474115985
1729144105.59756,-0.088425144806951239,-0.70718538385120466,1.7934033404216252
1729144105.605566,-0.069444154250458953,-0.64162600668708991,1.6939311284651142
1729144105.613519,-0.075296007405775869,-0.61293263192517178,1.5165444992969555
1729144105.621548,-0.1486202893787392,-0.43544429892756609,1.4135180422877567
1729144105.629548,-0.27519873048615129,-0.089926329618071899,1.3623444196187882
1729144105.638601,-0.42819569627522625,0.23125654340871801,1.2296874762972505
1729144105.645438,-0.59576670668891285,0.45802147214175448,0.96704658387565423
1729144105.653499,-0.73611133368382475,0.59769879490400368,0.66387604740268169
1729144105.661475,-0.85671461013577566,0.67320423236284355,0.33660056952961442
1729144105.669472,-0.97845662313654169,0.70147989237966624,0.028491641671990774
1729144105.677512,-1.0876854861612741,0.7022690660542027,-0.18468210412980851
1729144105.686996,-1.1383236518249427,0.68124522215509198,-0.36750036953949017
1729144105.693522,-1.1278403053227886,0.64096106182059343,-0.53827785260510064
1729144105.701521,-1.0836638819513755,0.56145085762983016,-0.68075920822189795
1729144105.709521,-1.0188459223969446,0.4635133078628525,-0.78859674981873296
1729144105.717513,-0.94845408211609583,0.40368655284901084,-0.83520744716469753
1729144105.725541,-0.90089785217931118,0.38992638303673144,-0.81315528335048759
1729144105.733496,-0.89215870207522485,0.40550892459123755,-0.74160444664166336
1729144105.741469,-0.88308400145961463,0.44039985321166314,-0.63822595588876041
1729144105.749487,-0.86699692955369789,0.4653784659678078,-0.5385252909976288
1729144105.757502,-0.87309521868424289,0.4575912153332759,-0.46082590948154445
1729144105.765546,-0.90165706075809871,0.48122725403978184,-0.3407747449696934
1729144105.774142,-0.9343318532457765,0.55011005016155645,-0.17700783801751499
1729144105.781637,-0.96457898027493383,0.57398643531467797,0.011072909122280726
1729144105.790629,-0.98783553722997264,0.51977616651116376,0.21459334049757087
1729144105.797527,-0.99178575495863819,0.40509182336688321,0.43078310290585392
1729144105.805528,-0.94945842914232415,0.2617854567244593,0.65436161890320177
1729144105.813528,-0.87276638124636086,0.13301978556207081,0.83512179023170297
1729144105.821527,-0.78098947090161464,0.0059546456735799919,0.96337248088678806
1729144105.829537,-0.68761121916318402,-0.13733062293978446,1.0228696027598958
1729144105.837516,-0.60455294921728664,-0.29864892498658269,0.96385183720845846
1729144105.845455,-0.50831777055038674,-0.45971910549542838,0.81350486128284749
1729144105.85351,-0.40971041744989184,-0.58999072865623636,0.67093679816765106
1729144105.86149,-0.32394037674821791,-0.72626039594228853,0.51473141009583601
1729144105.869492,-0.25438652471507722,-0.88251795706977532,0.29734521439802669
1729144105.877581,-0.20052204674352486,-1.038423242719724,0.0079182590232723393
1729144105.885561,-0.13478669013582401,-1.1879446571919503,-0.3062156344840507
1729144105.893565,-0.05745906070108265,-1.3112870207307865,-0.54897145342485354
1729144105.901544,0.0023467538958161505,-1.3661363860882969,-0.69739193018883849
1729144105.909546,0.032483426824218002,-1.3258273147313335,-0.75451746163757705
1729144105.919099,0.034389208245701908,-1.1575457861122578,-0.72919617190213581
1729144105.925634,0.02191059513180724,-0.95185711382115279,-0.71549331327598809
1729144105.933529,0.052735532795053282,-0.83419072627622715,-0.74856353406211662
1729144105.941501,0.18574112192628742,-0.74784036147517663,-0.70540353743741302
1729144105.949478,0.33663471566918712,-0.5857764166758801,-0.57968322004974437
1729144105.957459,0.41503870516325908,-0.23056987255031111,-0.43848191512125934
1729144105.96546,0.47400042058063918,0.17688156698244772,-0.26223776894983153
1729144105.973532,0.55364921622311858,0.44774521451274896,-0.068586283555065325
1729144105.981559,0.65571397644501517,0.6309093710118383,0.10060302033381734
1729144105.990488,0.75526493810973605,0.74910882110980148,0.22680662623194475
1729144105.997558,0.81222852970906523,0.78065216048334141,0.29167369320353942
1729144106.005546,0.81320285987462437,0.75509355268468314,0.30909658528266359
1729144106.014619,0.78569191391746573,0.73954554297475705,0.30294840813311885
1729144106.021545,0.78025328794118343,0.79662438673687841,0.27542085840151825
1729144106.029554,0.80742695174994927,0.91409410000997848,0.2320858546904499
1729144106.037507,0.86885429655018409,1.0009649953401267,0.18522603945216937
1729144106.04542,0.95636782074430671,1.0109442164534745,0.11539252428592192
1729144106.053471,1.0382485495016605,0.98436645941963774,0.015172876765875126
1729144106.061456,1.1001476885999337,0.92670217917605657,-0.14095202060584106
1729144106.069433,1.1328174264135464,0.83250700242522346,-0.32955584273490379
1729144106.077512,1.1126172483550141,0.75747237870112527,-0.49167249308047506
1729144106.085536,1.0553739950049192,0.69074141133210265,-0.61320681679115363
1729144106.093511,1.0235821833636347,0.58408233629188111,-0.68442465077171266
1729144106.102303,1.046011877371412,0.39663677344375903,-0.69927265213428502
1729144106.10954,1.0745816909579804,0.21158928025560947,-0.69008962533969209
1729144106.117515,1.0380866313657053,0.15462342214839772,-0.72480752007109839
1729144106.125504,0.92998735816427902,0.10788605047094074,-0.76713560501377476
1729144106.133584,0.81170369152993826,-0.026578887901041331,-0.75826440603168699
1729144106.141544,0.69859017546459268,-0.21197760604389038,-0.67461471533342054
1729144106.149445,0.58240624384944462,-0.38366482565720827,-0.54482085942106073
1729144106.157423,0.45586626167517469,-0.47858904625742038,-0.40500664193091929
1729144106.165416,0.30949056719864648,-0.52894538266488622,-0.23661863423662108
1729144106.173545,0.18484296019626381,-0.57554825187565384,-0.064708434386613903
1729144106.181559,0.099412144458283433,-0.64735604973270378,0.10803801057243256
1729144106.189576,0.041768304093564732,-0.7340739597467919,0.26702558553792455
1729144106.197615,0.011438900489353827,-0.81781861533416611,0.38774668917421057
1729144106.205541,0.018144126922356136,-0.88445447605287886,0.50445111774803353
1729144106.213538,0.048985736654265512,-0.90932399530220442,0.59192706741227052
1729144106.221533,0.033435497576448606,-0.87571703984512816,0.59120137952805885
1729144106.229541,-0.044217900734897606,-0.77594882507748242,0.56692732335565799
1729144106.237541,-0.13550739617521865,-0.53006133935798727,0.6492073786348298
1729144106.245486,-0.22476198841783585,-0.1864985746230246,0.79584559084640705
1729144106.253533,-0.34131687285978685,0.11265236264740697,0.82572182478378608
1729144106.261501,-0.50447592698514232,0.37238550159525885,0.67805413123748326
1729144106.269489,-0.66154227800357801,0.56866594080286292,0.46344925691694017
1729144106.277534,-0.7762152115648171,0.66919375683821314,0.24976116506293899
1729144106.286959,-0.85268139280787691,0.70333050767950833,0.064505841714626061
1729144106.293546,-0.88110780903376962,0.69699408431217746,-0.061333659414801803
1729144106.301569,-0.84473955605582018,0.66892789678844311,-0.19771103888152902
1729144106.309574,-0.77460278229311008,0.64336153801423079,-0.36701677419201284
1729144106.317601,-0.70846922956287917,0.62759603268824138,-0.54267028607269674
1729144106.325579,-0.65431563583503149,0.6228193201687301,-0.69680390523850966
1729144106.33359,-0.63757401187241802,0.63612951499258052,-0.78417579600045295
1729144106.342965,-0.6726521840098254,0.68498187778724584,-0.76018756442518431
1729144106.349473,-0.71668635061121932,0.74175030442834611,-0.66363644361785101
1729144106.357432,-0.74140409032620769,0.72621846825267955,-0.58654971836765957
1729144106.365428,-0.76964397109125471,0.62601453842513588,-0.53944630309462061
1729144106.373551,-0.81085223305361875,0.47075045179184549,-0.45265187047976796
1729144106.381562,-0.85750022839633178,0.34268541477198478,-0.2583947303825378
1729144106.389758,-0.89464136192339327,0.29883737232337576,-0.041164746788429185
1729144106.397522,-0.89500300387433562,0.25464956427280505,0.12833672902254284
1729144106.405542,-0.85690788351331815,0.16619897549973703,0.28112042188456987
1729144106.413533,-0.78445791913638097,0.050126493139515532,0.48134160327460418
1729144106.421539,-0.68692530270454055,-0.073792479113026416,0.72449873987115188
1729144106.431048,-0.59945880866601819,-0.17666509658250767,0.90764090220700822
1729144106.437884,-0.52207604364737603,-0.26371722572118728,0.9679333074481955
1729144106.445514,-0.45031782597919978,-0.35851750935059823,0.92237625879219765
1729144106.453528,-0.3719306202769454,-0.49436318592945172,0.77521027729703706
1729144106.461521,-0.27083565904991475,-0.66271136441501821,0.58112670812662581
1729144106.46947,-0.17484640721234776,-0.82054989471153927,0.43232412195326475
1729144106.477532,-0.10597206948106372,-1.0201856130398428,0.25769171292611071
1729144106.485557,-0.059539186104748933,-1.250220769955491,0.028397924532174046
1729144106.493521,-0.019121599265830125,-1.4489026978632196,-0.22198621479162634
1729144106.501516,0.028329061187201882,-1.6196203520447623,-0.45692902061685081
1729144106.509548,0.06722886396484086,-1.7160912836932196,-0.6140709264475428
1729144106.51755,0.077798043787563304,-1.6005051426365162,-0.68558165165773921
1729144106.526068,0.069027554499294638,-1.3251194682548708,-0.70401090824979029
1729144106.533544,0.059721205342444142,-1.0909262736690344,-0.73826857055470163
1729144106.541497,0.1126697792993632,-0.93785250010440258,-0.78372603653317729
1729144106.549474,0.23404668161127229,-0.83047054872225945,-0.78184074691011352
1729144106.55745,0.35306019466704819,-0.62343520730319291,-0.73622496171349283
1729144106.565467,0.42531968262343778,-0.27274688975395223,-0.68246270678487453
1729144106.573509,0.43568439563396405,0.08389063688780006,-0.60721065762003845
1729144106.581538,0.44679865914709321,0.34704035497171604,-0.48096547141261975
1729144106.590372,0.49114078769436048,0.52302201343420196,-0.34221623059178785
1729144106.597531,0.55073704458602823,0.6554294823838015,-0.21299215946138925
1729144106.605533,0.60203248596439307,0.73359689356917512,-0.092037330514022894
1729144106.615082,0.62301887937778533,0.75772292199218061,0.0086311109108910024
1729144106.621659,0.64093184119409607,0.77134715892305983,0.086911158347244666
1729144106.629572,0.6812650775554937,0.80697871004588839,0.13728470730075312
1729144106.637529,0.76782861337651986,0.89497813533839354,0.14558579850756359
1729144106.645477,0.88276886396551624,1.0220607062390212,0.11672409334541833
1729144106.653529,0.99494055555731031,1.0966074885335497,0.060882119685817318
1729144106.661507,1.0954473953064252,1.1008950020713737,-0.024131561946849119
1729144106.669478,1.1672451308153691,1.0949537089648274,-0.12068860750288636
1729144106.677834,1.2077696317519631,1.0483942368932344,-0.24588186454750971
1729144106.685524,1.2118640543944728,0.93191502086617617,-0.39506788946867721
1729144106.69354,1.1496158186377501,0.80562355810622188,-0.53374670652024236
1729144106.701514,1.0164866133547594,0.69217511001085963,-0.6488807513608339
1729144106.709546,0.88510059274805908,0.5823884151303631,-0.73456309066220793
1729144106.717551,0.8249993430883682,0.43073985081746591,-0.79704043584104523
1729144106.725508,0.82703785379340566,0.24099061797053623,-0.83346261779469244
1729144106.733663,0.83230501580031735,0.062861878981611663,-0.84190669003082674
1729144106.7415,0.77012188857004249,-0.084668765281367089,-0.81589775888577909
1729144106.74949,0.63894735367949962,-0.20766804681757889,-0.76027753442131951
1729144106.758189,0.47510462045276758,-0.34127706937472141,-0.65283532904825026
1729144106.765479,0.32571617314128454,-0.45720044807181759,-0.50216776837834742
1729144106.773522,0.21671420695787227,-0.51717644890717951,-0.32066955882353088
1729144106.781538,0.11236238662404906,-0.56529421616006459,-0.09577009134223731
1729144106.790135,0.018888764967757824,-0.62587878609071701,0.1132396598409323
1729144106.797529,-0.051881715146456994,-0.69969025345776725,0.28291727694288538
1729144106.805525,-0.098175213768144171,-0.78505622480908344,0.42452586795075709
1729144106.813534,-0.097430078823200372,-0.85862453584662979,0.55269856379387639
1729144106.82153,-0.06675900349242983,-0.89318749608626202,0.62875080117682391
1729144106.829564,-0.063042665414407603,-0.88710679835793327,0.62734339181503784
1729144106.837508,-0.12871042737078831,-0.73063564765606659,0.59010244594296257
1729144106.845439,-0.23834994468585197,-0.38410590575723091,0.53774672908664423
1729144106.853567,-0.3626660385259195,0.0036659903497788804,0.47717352976270394
1729144106.861464,-0.49749083852683751,0.34104888313364456,0.39889913911432973
1729144106.869429,-0.61903911939701228,0.59541280630233184,0.30191592250351645
1729144106.877705,-0.74603072572479512,0.75909910180155693,0.11048500329941265
1729144106.88555,-0.88097091800322525,0.84326310707284491,-0.14804394396648532
1729144106.893512,-0.9876892820887363,0.87354123231617131,-0.36297076596143957
1729144106.901509,-1.0272431220059761,0.8306215836423656,-0.50299480075642489
1729144106.909516,-1.0130890104861991,0.72249876754517894,-0.57083299929785891
1729144106.917512,-0.97203125387248757,0.57333844571738479,-0.61983687462122905
1729144106.925596,-0.91504415523314619,0.42275572880090673,-0.66349981687422899
1729144106.933641,-0.86659127899056321,0.33815291448075724,-0.66734885399927246
1729144106.942912,-0.84284067901328896,0.34847774970846912,-0.60218640153256642
1729144106.949456,-0.83561420504104778,0.42320875074048336,-0.50774922206247863
1729144106.95745,-0.81212226789191178,0.49358875504741379,-0.45938787057893565
1729144106.965448,-0.78589493885076211,0.52560019615648335,-0.45506108325360772
1729144106.973559,-0.78165217308554724,0.51926565713420314,-0.41394006029609709
1729144106.981605,-0.79975248160732693,0.48460240426483769,-0.31285608048915603
1729144106.989619,-0.85914133372706636,0.41548863056727781,-0.13705653097951187
1729144106.997548,-0.93670511605292006,0.3416679216776275,0.11507342489994456
1729144107.00555,-0.97558096434211572,0.29035161032971385,0.33488749832300546
1729144107.013549,-0.94590806066361022,0.21529005712891436,0.47550258863681366
1729144107.021558,-0.86893339991328455,0.11470057218763953,0.59222408749621303
1729144107.029567,-0.77592269670226566,-0.0031212770744996204,0.73781697272136326
1729144107.03787,-0.67350321304556182,-0.15916524395492043,0.86327196435730524
1729144107.045537,-0.58182752848773522,-0.30919555722689213,0.90597966963702503
1729144107.053563,-0.49617243332777305,-0.43624878053727179,0.85923698235631141
1729144107.061514,-0.41412969180652948,-0.55313411539312374,0.74584051266474582
1729144107.069486,-0.3321259121612069,-0.678605024296699,0.57414710088380183
1729144107.077654,-0.24822990436485776,-0.83115031579420284,0.35534335709756287
1729144107.085556,-0.18065185219783603,-0.98908514028078209,0.13828456344122017
1729144107.093546,-0.13116552960692029,-1.1851602696006931,-0.10326866382490674
1729144107.101528,-0.095514075191902414,-1.3985856110215968,-0.33567990781503038
1729144107.109562,-0.063480951006340908,-1.5430298832404272,-0.48364045543834516
1729144107.117548,-0.026382093913598678,-1.5907458059479498,-0.58156912033376762
1729144107.126434,0.014607583046376054,-1.5765935083955289,-0.66735763817386018
1729144107.134235,0.054951921496456065,-1.5151037172120536,-0.73798680164370722
1729144107.141506,0.081286974873814227,-1.3871121693490938,-0.78376982021731167
1729144107.149482,0.1262477761103783,-1.2049589504194649,-0.79336064878006896
1729144107.157465,0.26007246227928665,-0.99882253007907551,-0.72185239976236459
1729144107.165447,0.4152887247979492,-0.72785191660897886,-0.56507535891064853
1729144107.173531,0.50352304660233349,-0.25472864869036876,-0.36799213952580728
1729144107.182787,0.53517913661186234,0.24922707383666759,-0.20036216076530686
1729144107.19037,0.53671949809763642,0.57480061570257013,-0.10127408872412372
1729144107.197547,0.56126951340024356,0.77057043088357369,-0.016066996780960911
1729144107.20553,0.60579782688415018,0.8686634221956534,0.06549409777947203
1729144107.213533,0.632940505035956,0.8987851378342141,0.12975559672836492
1729144107.221563,0.64539490137388134,0.90195901506617937,0.18129604297229263
1729144107.229535,0.67266212703462092,0.90812024201997887,0.20945332531914607
1729144107.237577,0.73904104465285347,0.93054734089658808,0.18335299851959291
1729144107.24551,0.82782275229192659,0.99338364735214912,0.12065405064830653
1729144107.253551,0.93898562523420681,1.1319739757919871,0.077075021065066265
1729144107.261518,1.0640028874198733,1.2821743575361602,0.065826755466293213
1729144107.269468,1.1873290667072136,1.3414320571266665,0.046732784324630461
1729144107.277544,1.2987854996882766,1.2909972844656399,-0.048584540468387408
1729144107.28554,1.3628923740774113,1.1683616775317631,-0.1958083833434178
1729144107.293545,1.3398442848296286,1.0294368889370151,-0.36034121007013969
1729144107.301541,1.2419416441422078,0.92075345712317569,-0.52185019017182244
1729144107.309577,1.0972106673144246,0.81978543287206129,-0.65046948781175351
1729144107.318137,0.97993524182321967,0.62702785423743179,-0.73530348750202867
1729144107.325563,0.95213899267469981,0.37387541720441791,-0.77215611528794681
1729144107.333618,0.97334765865570871,0.16983692245551071,-0.79831174754338696
1729144107.34157,0.99181967407405147,0.047626670636897406,-0.8399722206458351
1729144107.349496,0.93223833312235982,-0.04847389874248928,-0.88965852807210166
1729144107.357471,0.77963760668001725,-0.20829985512100888,-0.8683875051524178
1729144107.365469,0.61570986036606623,-0.39252611670149218,-0.7534592766497199
1729144107.373523,0.49202465392070482,-0.52264361647703561,-0.57893120430551726
1729144107.381546,0.39525195679600034,-0.60433248186478894,-0.38822496848366539
1729144107.390926,0.29291657212912636,-0.68037712000027994,-0.18589622929864477
1729144107.397565,0.17383433800089665,-0.78219499099456269,0.063208032650977131
1729144107.405548,0.071096778006499523,-0.87797945360028806,0.29163609622195713
1729144107.414027,0.010305622132785314,-0.92310511938132422,0.46019399891273544
1729144107.421557,-0.0057359484412656961,-0.9267675654695342,0.58772152433784841
1729144107.429555,0.030613635852203103,-0.92704942784588096,0.66317381443926104
1729144107.437529,0.037949924338575303,-0.91615060367367629,0.6552339308173547
1729144107.446033,-0.0376780341244633,-0.79552637269852899,0.59108623707025754
1729144107.453523,-0.13945874234600567,-0.3736602936531126,0.52067086621234693
1729144107.461493,-0.24373470851732726,0.1668001452610085,0.46607663191520149
1729144107.469459,-0.38633001977498216,0.50938108125234849,0.40267040691164802
1729144107.477557,-0.57660696164923486,0.71280119253984231,0.25267018574500161
1729144107.485575,-0.75526517108528424,0.85720198753909527,0.038581400128831558
1729144107.493552,-0.91354290412235772,0.91234139999045671,-0.19331455617614415
1729144107.502363,-1.0417133687386402,0.87539903235076932,-0.39949831463939955
1729144107.509639,-1.0864760478680264,0.75340929235411047,-0.51107640296568491
1729144107.517563,-1.0386250495590716,0.5290954765370941,-0.55205616221227216
1729144107.525555,-0.96032155841337197,0.2878718266506452,-0.57259996217633524
1729144107.533561,-0.90886971808060091,0.11525493769301284,-0.58748038252354529
1729144107.541543,-0.88778948529456492,0.028286716715452673,-0.58853336859482375
1729144107.549476,-0.8923817931121556,0.049750164761848036,-0.55276865998258706
1729144107.55746,-0.90918494983095721,0.1765003250307787,-0.48192978768564937
1729144107.565451,-0.91543563330907973,0.33385722293138514,-0.41260799043537877
1729144107.573522,-0.92961544990177303,0.44210628866926505,-0.34696342361261157
1729144107.581554,-0.96941155937484835,0.49620063154471117,-0.25713241123570058
1729144107.589572,-1.0258545147605389,0.53738388352995048,-0.09532137322892896
1729144107.597534,-1.0801534109421307,0.60083163031413889,0.12798235279862638
1729144107.60554,-1.1123070585896238,0.66869858268699423,0.32688232278811935
1729144107.613546,-1.1137202645967144,0.64897076538309884,0.48857846589728726
1729144107.621542,-1.0839185037757024,0.51964361803724091,0.62241834207925373
1729144107.629564,-1.0155931749998446,0.33626334935641133,0.72315539073861124
1729144107.637545,-0.90840317317698394,0.13300906468772869,0.81531152951314712
1729144107.647521,-0.79513481501513383,-0.070037462821997881,0.90338334751044513
1729144107.653521,-0.68566901912547584,-0.27104373075977173,0.96069618395417511
1729144107.661488,-0.58657287176691142,-0.43528072282229435,0.96102868090345051
1729144107.6695,-0.4858232473899558,-0.5578744065324126,0.86693783045917583
1729144107.677661,-0.37833472097222792,-0.66655004682910124,0.71917280200900513
1729144107.685543,-0.29128003186410351,-0.78411530856694434,0.57666399216395581
1729144107.693526,-0.23989859852215292,-0.95128610956153137,0.39601697752016224
1729144107.701539,-0.21651931459256812,-1.1303412515287594,0.19610540551954925
1729144107.709547,-0.18248431134610177,-1.2552276292290396,0.029332555558357981
1729144107.717544,-0.13779897589488616,-1.3288823856648215,-0.096911093198271708
1729144107.725535,-0.1041767336407643,-1.3911670671384269,-0.2126721482296805
1729144107.734166,-0.087834598841449452,-1.4774922330907239,-0.33257305353177652
1729144107.742867,-0.088458724467680327,-1.5614269323024854,-0.40813196223546139
1729144107.749528,-0.085853369413184638,-1.5673031404067601,-0.42366900315533013
1729144107.757425,-0.035974334404546629,-1.5018670753124757,-0.41000396438830167
1729144107.765431,0.076962648585732332,-1.3453278243231153,-0.37498646725597656
1729144107.773531,0.19091221004853015,-0.94490742947683626,-0.32077214418254307
1729144107.781555,0.26949850840129763,-0.44775124047673293,-0.26185076652783701
1729144107.789583,0.33665772030167357,-0.041970786557507925,-0.16966831672983212
1729144107.797541,0.39610930020769053,0.3121769017741553,-0.057742068676578981
1729144107.805539,0.47796761981993119,0.60724938669678741,0.039850519549908148
1729144107.81353,0.58625353013049797,0.80600307078493028,0.11820066034378489
1729144107.821527,0.66889121386751238,0.89971387755009402,0.16414651966645588
1729144107.830506,0.70974717784974928,0.92060808650784365,0.16872677194110874
1729144107.837533,0.72425703979473377,0.91356286905523998,0.13763256341966895
1729144107.845713,0.73402718211537943,0.93508998730213067,0.10152274578686177
1729144107.853512,0.77053895193303323,1.0180322733607694,0.089009191528611142
1729144107.861508,0.84374166622980029,1.1533613473498208,0.1019341819238383
1729144107.869458,0.95428378942666847,1.2930911751942813,0.13437919972577242
1729144107.877893,1.0704148005358471,1.3611785396268621,0.15235629519181579
1729144107.887584,1.1447759978774366,1.2792193755546148,0.099714733313599091
1729144107.893521,1.1685339032707507,1.1219186014999103,-0.015518300890620132
1729144107.901527,1.1523518071122041,1.0060407889632548,-0.13850791418809866
1729144107.90952,1.101137768424528,0.89969191112479585,-0.23869446597723176
1729144107.917516,1.0272018039735258,0.76755932955706441,-0.31200278895603456
1729144107.925758,0.95070062566254132,0.59994909286305398,-0.38003927121592102
1729144107.936006,0.86989333363606391,0.39040629511236757,-0.45917326610343578
1729144107.941507,0.79586755473245563,0.17996829423101152,-0.52559687077100503
1729144107.949515,0.71633265731967311,-0.037817869512138932,-0.55651154228084398
1729144107.957456,0.62753262794091746,-0.24064403317584354,-0.55803274272826608
1729144107.965547,0.53955887030450855,-0.38617837481594008,-0.54021510029238984
1729144107.973538,0.4486753552218114,-0.50095598876429903,-0.51121984218799688
1729144107.981543,0.36264418162400275,-0.59429973566738126,-0.4816905205736931
1729144107.990696,0.26334819058157,-0.67861437289645565,-0.40863321961504673
1729144107.997557,0.15481623888797677,-0.76708957070402106,-0.28178927705476275
1729144108.005551,0.062240058907519782,-0.84358764276897202,-0.13395413616224006
1729144108.01354,0.00073469005877714599,-0.86947905311922713,0.014982092070151061
1729144108.022363,-0.016799633453945997,-0.85734404533434816,0.14797706030944396
1729144108.029658,0.016738693799740394,-0.84985019563268982,0.2863064247040491
1729144108.037514,0.082197681697658592,-0.8542933771023975,0.42145107586991104
1729144108.045454,0.14062912720220094,-0.88101077445682685,0.52318383455033668
1729144108.053521,0.11587854086951091,-0.89640267777729143,0.57570968852935145
1729144108.061523,0.014187416531642436,-0.80623919041818581,0.61063072140845653
1729144108.0695,-0.070027366420759379,-0.46033056087049973,0.69203132986352811
1729144108.077848,-0.13992513398872289,-0.013547568600226351,0.77088284426964426
1729144108.085554,-0.25955223074632178,0.31284176518223605,0.72667038969897713
1729144108.093546,-0.43924091938150611,0.6072226146801738,0.57499003888673961
1729144108.101552,-0.60963057159753542,0.8689891366713427,0.43077057071664315
1729144108.109558,-0.74272689238315026,1.0158324883909553,0.31784610600393931
1729144108.118123,-0.84237927271250357,1.0430648206336524,0.19922146483160424
1729144108.125551,-0.89706242017257121,0.95830283038203812,0.037587542067521462
1729144108.13353,-0.90731073539112406,0.83209849535228997,-0.12963167173216342
1729144108.141502,-0.89217522144915429,0.74701071298227628,-0.252311928238731
1729144108.149474,-0.85989380473429167,0.73171600872307874,-0.37551297430299824
1729144108.157455,-0.81817622647861743,0.79809917207707093,-0.49051269287264465
1729144108.165469,-0.77164833142138023,0.9111477606609355,-0.55631984855346728
1729144108.173528,-0.71946726088370216,0.98216958927221953,-0.56494161250596342
1729144108.181531,-0.67070532604115196,0.99051463649129645,-0.51945755356347945
1729144108.189569,-0.616332451509362,0.98913631390081225,-0.42810076394795327
1729144108.197529,-0.57370501034593036,0.95084859493786289,-0.31773413715784249
1729144108.205554,-0.58154521547264082,0.80825705628926237,-0.19468453787859477
1729144108.213565,-0.61455772763589223,0.63713843074623377,-0.0095368272387248848
1729144108.221547,-0.64032489579431151,0.51573689271608714,0.23202580298330971
1729144108.229559,-0.65131545104401178,0.34669001600757998,0.53723568925698539
1729144108.23751,-0.63236838050610999,0.13543385412527159,0.83955483823055954
1729144108.245436,-0.56459620503964969,-0.053896282039032087,1.0592584331462871
1729144108.254717,-0.45901516538681375,-0.22581390215791261,1.2304569207809615
1729144108.261513,-0.35735443606352935,-0.36578666454570663,1.3499907707895162
1729144108.269492,-0.2552789075384726,-0.48403837192607663,1.418092715272222
1729144108.277555,-0.15763709016843488,-0.60458228851462525,1.4493758555789495
1729144108.285562,-0.08245008734939302,-0.74246490793290731,1.4108904264963429
1729144108.293521,-0.010093721724397889,-0.86904055591446583,1.2590279254545145
1729144108.301544,0.065885387352444619,-0.96031078691603411,1.0538254883575928
1729144108.309549,0.13126744065653459,-1.0648786627080327,0.86536060166501794
1729144108.317519,0.17283796797702974,-1.1772122803435585,0.71311818399496607
1729144108.325545,0.19139493344739636,-1.2661097990287067,0.58324778283062129
1729144108.33371,0.2023162676988853,-1.3409456583436281,0.46488498629312131
1729144108.341547,0.20908191328050968,-1.4052160717291033,0.36364331400681704
1729144108.350085,0.21484406087533245,-1.4305819278550655,0.22478418435675171
1729144108.35747,0.23107205127608707,-1.3911002686327718,0.063780270349891727
1729144108.365449,0.26677593926572374,-1.2901485269440367,-0.077945224569199584
1729144108.373511,0.31799657636184797,-1.1316687677945287,-0.22236428509460782
1729144108.381586,0.37299329212285831,-0.94654746430560399,-0.34903058718728375
1729144108.390357,0.47601733668996871,-0.77609091863829582,-0.42694597371946841
1729144108.397552,0.60913484872512513,-0.63656911085998324,-0.48944573791287438
1729144108.405543,0.68219431496282656,-0.41280399597198725,-0.58505228981848534
1729144108.413561,0.69303901494213993,-0.073788007475952433,-0.67540720072515925
1729144108.421544,0.69316048400779751,0.21028985226872343,-0.72642747180819844
1729144108.429547,0.70621691232178407,0.42075143389295994,-0.73873496181515452
1729144108.437512,0.71979758513991343,0.59704696508929056,-0.71695968660917897
1729144108.445496,0.71049269631084777,0.73304827817089313,-0.69921193080951138
1729144108.453568,0.6704288680349838,0.88616499634547596,-0.70899640027988831
1729144108.461518,0.63212995401048733,1.0403986212544134,-0.74743237166395993
1729144108.469605,0.6340534741913183,1.0927110853916138,-0.83009056309908724
1729144108.477557,0.68607754864452963,1.0361935661820245,-0.93736648128826894
1729144108.485551,0.80668690622348316,0.94183506592866251,-1.0183339445987971
1729144108.493523,0.97802546006077762,0.88096306516202494,-1.0690428728924244
1729144108.501524,1.1114782767884206,0.86657574789806802,-1.1126646217739236
1729144108.50955,1.1213111066837711,0.82708082808369665,-1.1735314111119788
1729144108.517544,1.0501609034963537,0.72399267973240489,-1.2217579614050178
1729144108.525559,1.0270525244111566,0.58530273462773308,-1.1751339056713306
1729144108.533528,1.0651216844584064,0.48697677038302795,-1.0503149832485059
1729144108.541488,1.085834730179446,0.46671898742924972,-0.919232541681823
1729144108.54947,1.0005666885065334,0.43838809532142559,-0.7709827516927712
1729144108.557458,0.82276307021783157,0.34582957414722049,-0.59923616074497477
1729144108.565452,0.58283991000699453,0.17833797527818313,-0.37656929890546614
1729144108.573498,0.33884884943691496,-0.012828967134652043,-0.12058328913142688
1729144108.581517,0.18159911652758534,-0.15903019713054348,0.1466675631433591
1729144108.590896,0.069795984262044294,-0.27442078912311041,0.4300425022707578
1729144108.597546,-0.036023690690325211,-0.35791576137762859,0.66519804515088787
1729144108.605552,-0.14591571236110834,-0.42461465712735874,0.86014116365391291
1729144108.613553,-0.25654838181709155,-0.48740841286541547,1.031808207653599
1729144108.621558,-0.34995930239352047,-0.51955069550924315,1.1486433610509268
1729144108.629558,-0.41451965596861851,-0.53202502411214725,1.2055480611840004
1729144108.6375,-0.43835671596250619,-0.56568956005380455,1.2290486297272938
1729144108.645476,-0.44244239048375006,-0.66229964765123372,1.1886606429861297
1729144108.65346,-0.47618201471395571,-0.77752101347633451,1.0497043793774137
1729144108.661516,-0.57368853540743781,-0.63189319696379997,0.81904185994632117
1729144108.669476,-0.72180020576128467,-0.094987802152373874,0.55719423046367655
1729144108.679884,-0.88856848922114451,0.47192722007514992,0.32282290661873109
1729144108.685556,-1.064189445206571,0.82952952593160756,0.034272815953707819
1729144108.693549,-1.2102154196674513,1.0598414417195774,-0.28508177455751404
1729144108.701524,-1.2573904485050862,1.1816395238260711,-0.56545090667908071
1729144108.709546,-1.217585055973742,1.1525527583390796,-0.78283958805088527
1729144108.717542,-1.147940138847767,1.0267625784047976,-0.90433330558326541
1729144108.725554,-1.0582630566577036,0.82421998709781197,-0.95573218799886095
1729144108.733531,-0.97529703813351643,0.56157817693895717,-0.95996588860684118
1729144108.741495,-0.91508802051318439,0.35567726886770368,-0.88098646220165033
1729144108.749469,-0.86214785251323489,0.26576623888045203,-0.6982293668136097
1729144108.757437,-0.82506262594498969,0.26056113292550376,-0.50960960317957849
1729144108.76553,-0.81558219184790359,0.3389577161225138,-0.36004124474415611
1729144108.773537,-0.82756006894032619,0.48922550594526248,-0.23049820893620274
1729144108.78152,-0.85752121348399846,0.65303056047184316,-0.13617047505441149
1729144108.790076,-0.93445597372269318,0.83921859087970119,-0.067015977912206787
1729144108.797533,-1.0380849881632843,1.0239372546651544,-0.011475507598636935
1729144108.805527,-1.110691803333459,1.18585126031187,0.018230409067077704
1729144108.813526,-1.1365897548848891,1.2900235497140229,0.03073283329823109
1729144108.821531,-1.1216916864212121,1.1956601357065559,0.096553826257221448
1729144108.829541,-1.0767820351494644,0.88767210600874613,0.24289462745958562
1729144108.837557,-1.0204636301455352,0.56836122876805828,0.38114338046425489
1729144108.845446,-0.94793479155013305,0.32718181026331894,0.46153849189828422
1729144108.853451,-0.86333839746180563,0.12436746577090801,0.52233341557183177
1729144108.862141,-0.76149775363336547,-0.068624226219428819,0.61095740230505902
1729144108.869475,-0.63653985811699665,-0.26274621272264476,0.69733561913903408
1729144108.877814,-0.53346957675068118,-0.4305150570307491,0.74022305794871635
1729144108.885583,-0.46907326756211976,-0.56225173810234008,0.75616464982089893
1729144108.893575,-0.42128314572754921,-0.65938557435743106,0.74167811647160375
1729144108.901522,-0.34940153138841068,-0.71234475034221012,0.65678767546032302
1729144108.909539,-0.258169585839718,-0.72368713298290011,0.48772441879784079
1729144108.917501,-0.19087256169737249,-0.72219160636880453,0.29050620097139429
1729144108.925447,-0.148153051873924,-0.77620830832894905,0.098318044611863942
1729144108.933464,-0.110389179228187,-0.88141133001504324,-0.057435405042747273
1729144108.941442,-0.066020662506181174,-0.98880490941875099,-0.16195541643352684
1729144108.949545,-0.068559321683126839,-1.1100706802661571,-0.2531886573859507
1729144108.957433,-0.13308464628567493,-1.2381698507646646,-0.33410854073731999
1729144108.965436,-0.13859601625316531,-1.4137894473229606,-0.36584571332039129
1729144108.973528,-0.034203252683765568,-1.6162185392712813,-0.28719214776469776
1729144108.981525,0.16273761984914525,-1.4635315948587255,0.003281861694269389
1729144108.990625,0.39094302425682692,-0.79553508499160108,0.36274144410563347
1729144108.997518,0.56639121746374976,-0.12314691985855032,0.57054192741540422
1729144109.005506,0.7310438969618569,0.29092823075783092,0.67627900966620635
1729144109.013521,0.8973073794024532,0.58577353782702113,0.78654716577751116
1729144109.02152,1.0270766181998843,0.80418550306108327,0.91698725872506071
1729144109.029447,1.0951472900647161,0.94949329926049864,0.97311543129756495
1729144109.037494,1.091930771822295,1.0290155558738312,0.92271854770231609
1729144109.045912,1.0431749541160187,1.0433122400170614,0.74327605100272476
1729144109.053469,0.99221127035768941,1.0148552151558026,0.4998154233765818
1729144109.061513,0.99185705446649608,0.95606337421576826,0.29946356396448703
1729144109.069468,1.0488998381984234,0.84097138312761688,0.14498439836953664
1729144109.07756,1.1193091636618524,0.71806639569977893,0.049529913613063199
1729144109.085524,1.1709199402920745,0.63857658741333867,-0.034348406082197837
1729144109.093516,1.2001836460243596,0.59109554747220572,-0.14831606208792819
1729144109.101483,1.194328916083319,0.54919768657147183,-0.30162182295304174
1729144109.109487,1.1705958001992478,0.49447351075942031,-0.44788076230851892
1729144109.117488,1.1633798166829288,0.43631044661519852,-0.53776457622911522
1729144109.12545,1.1837402501379355,0.37097576873413018,-0.62362161919112546
1729144109.134642,1.2110685073928413,0.30474364310265017,-0.73515814363447807
1729144109.141461,1.2127791546253448,0.26543005778522422,-0.88743091562362697
1729144109.149472,1.1737906771874158,0.22566568425921146,-1.0658481963861017
1729144109.157451,1.1067643594248002,0.17073168565687549,-1.2063152346683561
1729144109.165449,1.0293006883893032,0.093073830041960598,-1.3025147793586456
1729144109.173512,0.96281505287928959,-0.025888193775533707,-1.3666198570947496
1729144109.181535,0.93292738801763919,-0.19496127717156653,-1.3803928801716143
1729144109.190153,0.93031963131328199,-0.38452296993182677,-1.3582198546231978
1729144109.197497,0.93173480772090189,-0.53316657062786954,-1.3449160392941479
1729144109.205529,0.93024261822743259,-0.63278213755131496,-1.3414034957420693
1729144109.213515,0.92168488342503463,-0.71170753047117363,-1.3231197472752649
1729144109.221496,0.88249503762663317,-0.80141892733856102,-1.2595767756046214
1729144109.229436,0.81407082866334801,-0.83055574189419556,-1.1350359101254432
1729144109.237517,0.75556301076543364,-0.77886319563999606,-0.98453855989769445
1729144109.245459,0.73535747217785608,-0.75508439893233104,-0.80739937722279076
1729144109.253448,0.70918637699706255,-0.7825347469310111,-0.63449537299904057
1729144109.261518,0.5383196924856759,-0.75579741449182281,-0.5897110439772818
1729144109.269462,0.26105391154867996,-0.56351932958302875,-0.69310160537160825
1729144109.27783,-0.019390493485342108,-0.17187962874889395,-0.81026280516753724
1729144109.285603,-0.30131638291611773,0.14930642919764836,-0.8101078198731283
1729144109.293559,-0.52602446959537819,0.27412049916237974,-0.76318892193565946
1729144109.301508,-0.70192841253402061,0.33496116911297152,-0.80123238773052408
1729144109.309498,-0.86898299217846964,0.33698467610490201,-0.89514870747160225
1729144109.317493,-1.0200857023098517,0.34139145576102553,-0.98321240889517036
1729144109.325446,-1.1350116618920167,0.33530887729472802,-1.0111477611537825
1729144109.333434,-1.1950277463506134,0.27887376259365754,-0.9810830657481262
1729144109.341426,-1.1818701949269066,0.187118845414179,-0.93218171904873515
1729144109.349442,-1.1243827719123558,0.09481801472856409,-0.8885802939701225
1729144109.357409,-1.0775453063212264,0.032413630303071643,-0.87987273144289824
1729144109.36541,-1.0637034440255269,0.0049747160921339122,-0.8261195269198921
1729144109.373646,-1.0649763530310028,0.010434405730865902,-0.69383043976251102
1729144109.381595,-1.037218864316332,0.037548862955978868,-0.54251536708099901
1729144109.389765,-1.0092835844587857,0.068078154350024705,-0.41575551327855009
1729144109.397945,-1.046585054349936,0.10150772636835431,-0.3186279429547102
1729144109.405596,-1.1262212495512696,0.14795825338999805,-0.18649417509674376
1729144109.413571,-1.1952874697451712,0.16518631806643347,-0.012285030675930869
1729144109.421565,-1.2509878189204904,0.050795968863919502,0.19696021109621664
1729144109.429779,-1.2899419992246881,-0.16023156621663845,0.42382159078746867
1729144109.437614,-1.2954355248258016,-0.33963365488626518,0.66061411813799031
1729144109.445586,-1.2482873679032189,-0.45727862453239893,0.9206057815732861
1729144109.453484,-1.1693413564356876,-0.54510605380929145,1.1474781748678917
1729144109.462701,-1.0796175884396968,-0.66272024574838673,1.2867942863056203
1729144109.469487,-0.98959967241782942,-0.79437528473164554,1.321855286161586
1729144109.477754,-0.89961811261116731,-0.91253179377610771,1.2277427244496859
1729144109.486153,-0.79454636935172629,-1.0485562786064759,1.0610214615038798
1729144109.494163,-0.70127932903225743,-1.1974299992156978,0.93863997550963929
1729144109.501628,-0.63148417784306021,-1.3461379951551842,0.83796691997952499
1729144109.509591,-0.57598500516275675,-1.4689923075743765,0.70306732590560084
1729144109.517553,-0.52246522363512815,-1.5337654037351893,0.49846460660652619
1729144109.525551,-0.47545420256737997,-1.5358070711152112,0.23181973425291469
1729144109.533507,-0.44128792906626257,-1.480415293368774,-0.017987792127740862
1729144109.541545,-0.40014219698468356,-1.4073782059742119,-0.24194237865052767
1729144109.549555,-0.35906569036944797,-1.3688770793057499,-0.44080717487569754
1729144109.558533,-0.31249674823501195,-1.4066500820937433,-0.60312074881846467
1729144109.565515,-0.20537703152241249,-1.5233913873496483,-0.70072173821485606
1729144109.573638,-0.062778230185839001,-1.615997743760679,-0.7305482527040037
1729144109.581536,0.063434451485729113,-1.3710243742151031,-0.6692658099655544
1729144109.589534,0.16427777411492983,-0.80047874133303609,-0.48797456845612502
1729144109.597553,0.21435436118663048,-0.22593743307625772,-0.25872953615671246
1729144109.605517,0.21311209391219155,0.19668863312536108,-0.052859261912408889
1729144109.613551,0.20768414287144585,0.49262043396180449,0.12153286497888603
1729144109.621561,0.28764977926282559,0.82321509155927086,0.2893831152407747
1729144109.629552,0.43545348051049981,1.1420421735115056,0.41073923337881646
1729144109.638187,0.56266065182141822,1.3222704810848338,0.43949398290032127
1729144109.646253,0.64260332013039656,1.3931595852509027,0.41715765689725515
1729144109.653457,0.68993038602359047,1.4290948517978825,0.39843473552714009
1729144109.661521,0.75067907023062119,1.4442706608041402,0.35548707312614969
1729144109.669469,0.83416703254639413,1.4354971636264893,0.28267972389400098
1729144109.677981,0.95705281044586532,1.4146953780765346,0.21813650134307222
1729144109.685562,1.1195406550003817,1.3873151545953906,0.16919400633742615
1729144109.69351,1.2615179731558739,1.354710798171147,0.12514220221359845
1729144109.701502,1.3503227295715963,1.2642707890831728,0.054013663285788507
1729144109.709513,1.3829596154401214,1.1125237595555828,-0.045493083276078677
1729144109.717516,1.3540130799545649,0.91398880131986604,-0.1699020205554278
1729144109.725509,1.2825825208575528,0.69908756254947879,-0.32713125484667138
1729144109.733637,1.2037533752058036,0.55865318762777161,-0.4910691204704597
1729144109.743052,1.1143125717300135,0.50759638746878577,-0.69372590490293051
1729144109.749486,1.018079083498336,0.48952016418652422,-0.92344525117376897
1729144109.757419,0.92309111018140189,0.4282301579339165,-1.1423708156447892
1729144109.765419,0.83183027624354777,0.29376028507681562,-1.3703577982792823
1729144109.773504,0.7549378926848096,0.14113674097547174,-1.5810072135236406
1729144109.781543,0.68687942438427207,-0.0023715729837024135,-1.7631622607217818
1729144109.790939,0.63157088131424044,-0.14424195941073303,-1.9026792834044706
1729144109.797517,0.59285178467321509,-0.27299742256680964,-1.9668077541868305
1729144109.805544,0.55429548447596688,-0.39430962182177587,-1.9482423684203343
1729144109.813519,0.50732306091574408,-0.50477051181414545,-1.8789964435708695
1729144109.821496,0.43699629069486928,-0.60978484140261202,-1.8065863592051932
1729144109.829427,0.34882570192444495,-0.70174036333511014,-1.7510081418341192
1729144109.837452,0.28081135148028824,-0.73733193366735561,-1.6680683192511483
1729144109.84543,0.24638809213572471,-0.69036362100204673,-1.474208339896468
1729144109.853425,0.23680207812699944,-0.63366139928490539,-1.2080494506490247
1729144109.861495,0.24722669205732145,-0.66689909596562147,-0.89574423006642045
1729144109.869451,0.27008337281253392,-0.74707685767092857,-0.55596405571345064
1729144109.878285,0.30146351881633565,-0.82200198856622086,-0.19714476872948922
1729144109.885521,0.28815200677823333,-0.95273361448799554,0.16288142435797837
1729144109.893518,0.18608759597226293,-1.0826810874779662,0.43381115813906096
1729144109.901495,-0.013287475455748515,-0.90864105488642588,0.59743322356136552
1729144109.909513,-0.2469974547843799,-0.42833271106052784,0.66410539826655801
1729144109.917517,-0.43511357429603725,0.11654340229661606,0.64813046000741636
1729144109.925494,-0.58735957668826955,0.52179604161991622,0.56639103163411697
1729144109.933461,-0.70148159641182761,0.68087383807514512,0.4351891927479653
1729144109.941451,-0.76058962689379772,0.6813916322422493,0.22790969085474072
1729144109.949472,-0.77030019646452697,0.63402502185876441,0.0081874159513108807
1729144109.957447,-0.7501594444577806,0.60432798544428734,-0.13556527071168389
1729144109.96545,-0.72317584110256161,0.55564723413960371,-0.24054724541381017
1729144109.973562,-0.70294162350554101,0.45194302260093799,-0.35610915282564681
1729144109.981565,-0.69931489417656922,0.40972792856645412,-0.43928122427026484
1729144109.989567,-0.71586921928351543,0.4918856126649267,-0.46002469792688649
1729144109.997557,-0.71196688735016722,0.62355125001691336,-0.46757534641404608
1729144110.005544,-0.68429692953316734,0.76895828201618233,-0.46146348396979103
1729144110.013547,-0.66024537876738187,0.93154964209452329,-0.41437598023411082
1729144110.021501,-0.64581444830791068,1.0874239965618262,-0.3214185886504739
1729144110.029486,-0.64268986083123436,1.1758403285046635,-0.18901994263712604
1729144110.037451,-0.64358209374473174,1.107355615122956,-0.008479365431884836
1729144110.045442,-0.63453940710993451,0.88598504606476103,0.17434074164711544
1729144110.053441,-0.59420721008916955,0.60821523870202232,0.36810659303326687
1729144110.061541,-0.50977274817983309,0.28255811632831024,0.65102376292734299
1729144110.069478,-0.40419805310562917,-0.02990092399797567,0.9523122938555566
1729144110.077709,-0.27955386721057424,-0.28357115275109313,1.1754415735279569
1729144110.085566,-0.14580928216104991,-0.48515333713255926,1.3025081003480043
1729144110.093566,-0.013628343632967461,-0.65548269489103461,1.3421386711542982
1729144110.101552,0.099309734339382505,-0.7966309501698956,1.3442068205035107
1729144110.109563,0.15877162492428287,-0.88217128346013629,1.3575798768647063
1729144110.117541,0.1678431304338461,-0.94562765018594863,1.370286301357506
1729144110.125448,0.15796119152695093,-1.0126483944008542,1.3453448663513403
1729144110.133441,0.16331281481155763,-1.0935142417994217,1.236515346795263
1729144110.141419,0.18184863099495482,-1.1705549843565182,1.0765015963863145
1729144110.149454,0.21106194831712946,-1.2231647808127066,0.96133729337515417
1729144110.157449,0.25264142718303906,-1.2941069893716577,0.91118191930351833
1729144110.16543,0.28567722567036336,-1.3909477973434372,0.88385568026003991
1729144110.17357,0.27740316070626392,-1.4875772326888188,0.80765048319853761
1729144110.181648,0.25328266896201279,-1.6055771925621942,0.68913436445162868
1729144110.190612,0.24774986520616477,-1.7346967069065178,0.58907776902406517
1729144110.197563,0.2652889959642955,-1.7266047131592437,0.43773329358392132
1729144110.205607,0.29135016166253813,-1.559348758463114,0.19091120079400048
1729144110.214837,0.34210629115210128,-1.3404405035282605,-0.083824848164906429
1729144110.221476,0.4366263230958749,-1.056272818502479,-0.32529068860341626
1729144110.229446,0.52079535122644016,-0.73465223566798876,-0.54615586883749478
1729144110.237431,0.58406746994864023,-0.40801320666821678,-0.77168825540739583
1729144110.245568,0.64076110388628971,-0.11050270960965908,-0.92105545937758349
1729144110.253472,0.67413874915668637,0.13206994287551133,-0.94511951229454316
1729144110.261528,0.68905705558137997,0.38680303513162467,-0.9250770490662944
1729144110.269467,0.69587958912888592,0.64436264560495249,-0.9234809776351649
1729144110.277821,0.68826663256718368,0.86573175153848814,-0.92103341956137019
1729144110.285593,0.67582359249311474,1.0262230690936416,-0.91786212447124527
1729144110.293556,0.66857061347940439,1.1446537428227592,-0.9480989470575536
1729144110.301527,0.69763549589594764,1.2455104513625721,-1.0137054824623553
1729144110.309536,0.78361052524126062,1.2711178914465731,-1.0715869213788345
1729144110.317495,0.93778684766079801,1.1847424308075483,-1.1033359542984877
1729144110.325462,1.1105352176981134,1.0822600371101514,-1.1323890904946374
1729144110.333437,1.1786391195884229,1.0603597766076822,-1.1791935864532075
1729144110.341549,1.1218055916170724,0.99400836262344694,-1.1678999533431116
1729144110.349579,1.0440722435344039,0.82095652499528982,-1.0670462698939451
1729144110.357453,1.0114800067130498,0.63071033994160319,-0.95800539281777364
1729144110.365469,0.98553931369830705,0.49208545037532431,-0.89534785197157396
1729144110.37359,0.9067599237623496,0.37230117134982232,-0.8243366576390847
1729144110.381847,0.75796521014208063,0.16910521997348432,-0.62869436394399081
1729144110.389736,0.59802383176722196,-0.056680725849054134,-0.36848997210642276
1729144110.39763,0.46374689921072393,-0.22109921752199538,-0.12275957906612436
1729144110.405672,0.3650889120646888,-0.33997059044520661,0.10619830352803375
1729144110.413691,0.31206662566826721,-0.4383247331019724,0.31721741371746004
1729144110.421532,0.2538604700197683,-0.52585845281398791,0.53194672255375641
1729144110.429621,0.17211086986984542,-0.59561913213040951,0.72421212701337678
1729144110.43748,0.091560045231701373,-0.57936884633069519,0.86043018270078875
1729144110.445473,0.025350567867409628,-0.46489891973120684,0.93513713009911226
1729144110.453458,-0.013098048366779327,-0.41175465101487796,0.95846395043427379
1729144110.461516,-0.035741528045830667,-0.53418073706506708,0.93499931722671203
1729144110.469487,-0.071250654018556098,-0.72470115559723935,0.87601023581793058
1729144110.477854,-0.19387036423015488,-0.83454366107119127,0.74143100265200834
1729144110.485586,-0.39344644854987554,-0.78274586236131061,0.52722962848410804
1729144110.493542,-0.59151907045072172,-0.3349166129640534,0.23119976479805854
1729144110.501524,-0.75655001525985988,0.35606547764463631,-0.089237169034082797
1729144110.509542,-0.88685680166280201,0.81045675275655005,-0.33726472738489371
1729144110.517505,-1.0122924703268528,0.91622101373058196,-0.61378828083398984
1729144110.526035,-1.122673301595901,0.86197626832074936,-0.9144333173561805
1729144110.533451,-1.1895403354495229,0.81261466364709944,-1.16293074910342
1729144110.541426,-1.1579317804053437,0.69402847799734491,-1.2839336640952694
1729144110.549447,-1.0440377636728031,0.46984118951189191,-1.2511771228785262
1729144110.557414,-0.91184784441397415,0.18676298497037105,-1.1380842296575646
1729144110.565414,-0.80018144818756221,-0.051620037649928535,-0.9882831568935464
1729144110.573624,-0.7482936076336173,-0.10780907868385384,-0.82135261211050781
1729144110.581668,-0.74525644735774443,-0.02339351124849523,-0.6113662493834805
1729144110.589967,-0.77472237070968009,0.080041396834011846,-0.38512442227295562
1729144110.597735,-0.8575325041245323,0.19722920464284921,-0.14104120536455367
1729144110.605662,-0.96724088283958998,0.33735505940792476,0.095442172779707193
1729144110.616205,-1.0554146382953813,0.47932442062580638,0.25542402727840002
1729144110.622244,-1.1359887455638882,0.63729903786654285,0.32693596144354886
1729144110.629745,-1.2126415990122172,0.78103816527911829,0.3517512943305019
1729144110.637498,-1.2684241824948415,0.86919724700324275,0.42368296229858593
1729144110.645435,-1.2829505248493556,0.90761923394800825,0.54985152506453261
1729144110.653416,-1.2310054965037245,0.89917136156667743,0.68791625672828816
1729144110.661501,-1.1436473913833578,0.80194073983134895,0.83184161954634295
1729144110.669468,-1.0742049258526563,0.60759439215303268,0.95565756264583457
1729144110.678158,-0.99039613044949448,0.32475461454511967,1.022710397460675
1729144110.686163,-0.86965914803563105,0.030536405002727592,1.0542154520896077
1729144110.694297,-0.70505506028078324,-0.20835811472689528,1.1124948155522052
1729144110.701913,-0.5213674403661992,-0.42704196744344858,1.1578918401355835
1729144110.710167,-0.38263363429949271,-0.61295345197125162,1.1255334462809261
1729144110.717634,-0.28832540906145598,-0.76089684294293725,1.0141693566923329
1729144110.725522,-0.21769270189038692,-0.88563368771949014,0.88988274464180261
1729144110.733434,-0.17999566826382779,-1.0053860960696663,0.79445196439984489
1729144110.741417,-0.17781057103806985,-1.0570172631603254,0.65950506003784959
1729144110.749444,-0.18458762387039368,-1.0215883138266439,0.50255124144967955
1729144110.75742,-0.18588687017028477,-1.0035236196874002,0.37538797053347028
1729144110.765462,-0.16942597046100716,-1.0392978649339466,0.26099074748289286
1729144110.773506,-0.13145388657894652,-1.1450490442513566,0.13892831093906138
1729144110.781554,-0.091430188760497855,-1.3193920128526619,0.013330971452932636
1729144110.789529,-0.059753548963112066,-1.5276533239794499,-0.097572552370824253
1729144110.798371,-0.011374950843800424,-1.8088383632120881,-0.17560829832455324
1729144110.805586,0.066180875034458159,-2.0835462120557171,-0.20540214343830937
1729144110.81355,0.15890174223004375,-1.9676283258276843,-0.2202986200763288
1729144110.821484,0.23198755506733837,-1.4498259593713456,-0.26520731625268212
1729144110.829435,0.2626426508643922,-0.89224430384956399,-0.30620030598674119
1729144110.837433,0.28401553877285868,-0.33442087329965947,-0.23820851145918473
1729144110.845443,0.31663385937592303,0.23993668963340703,-0.092480834592260086
1729144110.853432,0.3696215215625312,0.71459954116989755,0.036247707489711754
1729144110.861493,0.43908768931388586,1.0047183778600672,0.12966105507445208
1729144110.869437,0.51482259488166116,1.1592079370469155,0.19401001982380586
1729144110.877557,0.59836279872317821,1.3091569858256678,0.23559922910365233
1729144110.885616,0.68914032189771246,1.4595744038205278,0.23479850595310731
1729144110.894036,0.81831544158901948,1.5864341999031786,0.18642794014830175
1729144110.901513,0.96733644372942518,1.7104402094672475,0.12718160630161418
1729144110.909498,1.0974024458832925,1.8148549645387619,0.079288794211202718
1729144110.917486,1.2054531965086861,1.8044979720409322,0.021819027808268717
1729144110.925441,1.2694322667609983,1.6597216615363433,-0.023517928600773494
1729144110.933431,1.2684433782271474,1.4221615934760305,-0.060298128829094529
1729144110.941446,1.2318792349132954,1.1649020810758253,-0.14856105352343305
1729144110.949456,1.1888690908826136,0.96563607215145786,-0.38243708446139957
1729144110.957419,1.1024021707058651,0.77796605696291243,-0.7109177101903974
1729144110.965414,0.9970979158863309,0.5934224274627018,-0.97100821472417687
1729144110.973521,0.95328426079113293,0.41884274054327075,-1.1128019003854663
1729144110.982587,0.96041273755878365,0.25577538997131377,-1.1640357518960087
1729144110.989571,0.95915585282036764,0.11919718403509473,-1.1888164019418657
1729144110.997554,0.87517931496149082,-0.022133503100590115,-1.2219894646122471
1729144111.005609,0.71411397626603645,-0.19504975810464159,-1.216990433618947
1729144111.013554,0.54468177253875649,-0.41437436279401402,-1.0562728472512846
1729144111.021486,0.41024431556981206,-0.61663367581033479,-0.79041765096879835
1729144111.02945,0.32915615132698339,-0.70201845342658553,-0.57854465563947666
1729144111.037433,0.27858764750470705,-0.72366386072472477,-0.3954426153596266
1729144111.045411,0.22717488716897066,-0.76772647959033657,-0.17362490502720224
1729144111.05341,0.14375450837696793,-0.79373836084824168,0.084831444272820702
1729144111.061484,0.060498456307727835,-0.7508131061519554,0.31078264908626274
1729144111.069448,0.010544825066183788,-0.7024963800766959,0.49552057407319261
1729144111.07758,-0.0060181167426886454,-0.74268097941912048,0.69213987644994979
1729144111.085628,-0.0025466448919581079,-0.84852423082528516,0.85395753420659348
1729144111.093582,-0.03941440240529568,-0.99801957408431441,0.91741861400507907
1729144111.101589,-0.12347296085602383,-1.103254467283096,0.90249684923214768
1729144111.109559,-0.23435608465406921,-0.82179929844885047,0.82138932495057437
1729144111.117515,-0.37942577527264121,-0.22127647482580307,0.62181768359334022
1729144111.125474,-0.51925315726507637,0.30250220294944552,0.38075303126232068
1729144111.133448,-0.6616819699115668,0.65380444496179135,0.18801126291849937
1729144111.141448,-0.80247896548952524,0.84606827249560046,0.0080870026314398477
1729144111.149481,-0.89802510443431305,0.88011976727663788,-0.23055440240963959
1729144111.157444,-0.94577476141829009,0.83414301455718343,-0.46015432791107963
1729144111.165543,-0.94718039167510626,0.78761375519045029,-0.57428848480080086
1729144111.173574,-0.91439425497369542,0.71138037759446993,-0.63297810752100681
1729144111.181664,-0.86939401429585805,0.61455754366143789,-0.69096629944134924
1729144111.190161,-0.83983972952038344,0.54965280231822611,-0.71937386367162415
1729144111.197689,-0.84360450675893128,0.56966803102479047,-0.65894281102369945
1729144111.205719,-0.85778269482299696,0.66958216594063857,-0.54776272861762698
1729144111.21387,-0.84990054029514805,0.79317131107872119,-0.45083068481017929
1729144111.221717,-0.84112719199454933,0.90521121363169155,-0.36606582968433365
1729144111.229728,-0.86395872707068422,1.0305418485530411,-0.25944151855730013
1729144111.237498,-0.89936784125092872,1.1583129520964117,-0.11628858044914217
1729144111.245443,-0.92274176006638564,1.1898524677074587,0.028774100958975014
1729144111.253452,-0.92995507037226732,0.99678252646599519,0.18349642957630835
1729144111.261593,-0.90789027274515033,0.67213958657399064,0.33677781547431684
1729144111.269547,-0.84548419207001546,0.40072961157562215,0.49238731120169565
1729144111.277956,-0.75844765150460791,0.15998234532904931,0.71729123762989067
1729144111.286118,-0.67770449304740721,-0.054279184498667588,0.97036258554252142
1729144111.293797,-0.60222727907024787,-0.25073366719849177,1.1879745087859837
1729144111.30182,-0.5241628159513757,-0.42969288063818778,1.3532354027412168
1729144111.309553,-0.43667073721042848,-0.56793093815800266,1.430894591010524
1729144111.317544,-0.36012400149325535,-0.66726284003617986,1.4019301180625978
1729144111.325502,-0.31717579049318567,-0.73069319171624447,1.3128226589374896
1729144111.333433,-0.29055548377021984,-0.77534959867694475,1.205721235718209
1729144111.341413,-0.27053924415255104,-0.81533983475868788,1.096762925333127
1729144111.34965,-0.2683203717955765,-0.86189554966522142,0.99839695933877048
1729144111.35745,-0.28124966544036983,-0.9034510605759265,0.89467992328864332
1729144111.365456,-0.2856017211355496,-0.94434774442717573,0.7847724147748194
1729144111.373545,-0.26522569123370776,-1.0316750388035749,0.63390274240484967
1729144111.381584,-0.23086419009657699,-1.141539573726789,0.4678209530733573
1729144111.390559,-0.22003816082792524,-1.2212932216782333,0.35348557235402178
1729144111.397555,-0.2216306544345128,-1.3340631448220595,0.24274102783767937
1729144111.405603,-0.16937489291571139,-1.5132558948114077,0.12521149375243007
1729144111.413601,-0.0043547567053525971,-1.547340009202816,0.076191121405113124
1729144111.421503,0.1951201795259021,-1.2606550984928051,0.084452468436112746
1729144111.42949,0.32821437820070898,-0.68381290361640668,0.099625838129801275
1729144111.437507,0.43020678060161871,-0.075269663799225076,0.11703081614452401
1729144111.446047,0.53716390364933297,0.36350066072401527,0.15152529142596244
1729144111.45349,0.67966514878697526,0.71041095251524866,0.22756168458488962
1729144111.461523,0.83795889637956811,0.98326201693221749,0.30979286576598064
1729144111.469494,0.9416617911950953,1.1718755241779277,0.33954983164738178
1729144111.477583,0.97089254832110439,1.2948344999389807,0.29482757214130384
1729144111.485595,0.9611868386631397,1.3730796310409636,0.21180312832466891
1729144111.493587,0.97324239544976621,1.4417369028367171,0.13091308754795963
1729144111.501637,1.0204905952991732,1.4780358302073555,0.046621097919123403
1729144111.509644,1.0950268868774478,1.419998300105608,-0.059719493909704463
1729144111.517521,1.1776350772945332,1.2559788483908327,-0.1652414750302803
1729144111.525554,1.2359266378047562,1.0509318169657287,-0.23451432456309423
1729144111.533652,1.2572794921441051,0.82467375820612354,-0.30204512803196648
1729144111.541422,1.2583847280575085,0.59675702464383062,-0.38534546129022407
1729144111.549459,1.2711800363572183,0.44106377677139452,-0.49470942481913194
1729144111.557425,1.2978004290721046,0.3827672581185505,-0.62588407240162958
1729144111.565414,1.3148368898546914,0.38376015712038575,-0.74843493728171739
1729144111.573514,1.2765300993175721,0.35264198694256554,-0.8313306375619347
1729144111.581565,1.1967164017901191,0.27586439144630609,-0.87851391736129303
1729144111.589797,1.1234996246166564,0.1916985736476986,-0.92300010757646522
1729144111.597533,1.0593492803931324,0.11416776406569509,-0.95011751176703063
1729144111.605533,1.0023415561854196,-0.015573128699334207,-0.90657850064595435
1729144111.613531,0.94898086889500055,-0.24283487593152489,-0.78041792952973121
1729144111.621519,0.89865978387788181,-0.46092441607154933,-0.65193601923870537
1729144111.629527,0.84845969997889503,-0.59880202616968758,-0.55122107465294712
1729144111.63746,0.79535238632055327,-0.68152859222857043,-0.44056068064897236
1729144111.645423,0.72070614694861401,-0.76117568119697343,-0.272850209618624
1729144111.653416,0.62228145558123438,-0.84897880035544615,-0.04707104893057773
1729144111.661487,0.53278980136627152,-0.88207892902327634,0.16395643339176064
1729144111.669497,0.47611497840705952,-0.81680099393156813,0.35378789691227536
1729144111.677604,0.45168811101442807,-0.73698083200691922,0.52004665258441407
1729144111.685546,0.35891786430056638,-0.75911474996263406,0.55020158093865512
1729144111.693537,0.12553011561185115,-0.66937810586225133,0.26669312940535039
1729144111.701492,-0.13561135608732594,-0.29988693882792522,-0.16414710416012684
1729144111.709524,-0.38616089765921019,0.14933909924412633,-0.36475739594057688
1729144111.71754,-0.61992587464889892,0.46655200897110483,-0.37891390067407005
1729144111.72669,-0.81850439926301055,0.68284684855647582,-0.48318806734312303
1729144111.733444,-1.0264078918463111,0.76707491573126096,-0.73412041954150387
1729144111.741435,-1.2092566807858587,0.67351567023123438,-0.9757775040134069
1729144111.749467,-1.3342907963622204,0.53458340597685339,-1.1045955323609915
1729144111.757458,-1.3837698620203156,0.37651544163763817,-1.1459155391760008
1729144111.765467,-1.3098017714491679,0.13587581698336321,-1.1596396016669934
1729144111.773521,-1.140480884067373,-0.19091614914568233,-1.1712795596532855
1729144111.781593,-0.98674131910919727,-0.45531458368776567,-1.16974973321582
1729144111.789595,-0.92472157449809611,-0.51476786009236242,-1.1005085824886844
1729144111.79753,-0.93582554970737597,-0.42869246835697933,-0.9782956254053482
1729144111.805538,-0.95142742612364639,-0.31957907501837524,-0.83366476586045613
1729144111.813521,-0.96270415724998792,-0.16471612610818614,-0.64897753599725361
1729144111.821804,-0.98841340366085317,0.015042415776181768,-0.4892108410111986
1729144111.829469,-1.040448296793107,0.19207217589438264,-0.39335082401956556
1729144111.837479,-1.1170052242181658,0.38066105885820628,-0.30773926976809163
1729144111.84545,-1.1959303604365084,0.57533403540647954,-0.16868018455602879
1729144111.853451,-1.2471166527206723,0.72640587128313705,0.039908144641046236
1729144111.861509,-1.2537769396185661,0.78767635856825136,0.26701391187944779
1729144111.869469,-1.2107343599657479,0.7446217644151889,0.5118283378953068
1729144111.877827,-1.148512311919053,0.61066373231199544,0.77173770482299164
1729144111.885607,-1.1147974486134635,0.39428093841296036,1.030061784761221
1729144111.893559,-1.0741354076799321,0.099922053318464057,1.2357133500381403
1729144111.901575,-0.9903544195458599,-0.18737269371836196,1.3576143739891751
1729144111.910471,-0.84004866222183927,-0.42743426171292054,1.4811992606430464
1729144111.917512,-0.66323728031990337,-0.61255029344074163,1.5945136782898761
1729144111.925542,-0.52841637203005465,-0.75980356770170709,1.6022671851810966
1729144111.933457,-0.44049994104202195,-0.88476487754402111,1.5236968823000017
1729144111.941455,-0.38966568772578147,-0.96995822492449824,1.4446279459616922
1729144111.949477,-0.34235037830828696,-1.0425715814566172,1.3507863674593454
1729144111.957453,-0.28969685915445442,-1.1050828031109488,1.2304150661079014
1729144111.965457,-0.2374587796812464,-1.1208793429689843,1.0928488608626132
1729144111.973486,-0.19504799039930876,-1.1256746762077232,0.94539140334248051
1729144111.981566,-0.16257763081602261,-1.1662254465903563,0.81200662734615647
1729144111.989554,-0.14032842966654774,-1.2586663186538614,0.66876078762125035
1729144111.997531,-0.1416652160973029,-1.3813898716029653,0.52619650561185649
1729144112.007065,-0.14055168267917686,-1.5518684923550401,0.42639731934724207
1729144112.013549,-0.090290670467974565,-1.8176206484077047,0.36055814672800501
1729144112.021507,-0.017777902025781028,-2.0166611177552722,0.28742512830096228
1729144112.029485,0.072768510831089581,-1.7636065955845355,0.2160883082804356
1729144112.037461,0.18605443205770333,-1.1430891246123966,0.18924959357294577
1729144112.045469,0.28488851424966888,-0.4945057921402547,0.2031575140815251
1729144112.053449,0.37888270357400378,0.068112907388808319,0.24321617596559406
1729144112.061476,0.48082805374504212,0.46485504564946856,0.29172855163010225
1729144112.069494,0.60010195723723236,0.75760150150373562,0.30380837457032589
1729144112.077742,0.69571778780515137,0.98411933736100865,0.27359554292580129
1729144112.085661,0.72733303742744981,1.1436558372865151,0.21736858343823473
1729144112.094361,0.734595710510623,1.2393777372418191,0.12765416466343762
1729144112.101677,0.75491669166535313,1.279570429725789,0.017634425285571204
1729144112.10958,0.80520854085904303,1.3058144955234812,-0.093500564856123999
1729144112.117508,0.88561507762777669,1.3296490461698753,-0.17359079587719511
1729144112.125471,0.99686112878539757,1.3269221740992303,-0.19610353080211587
1729144112.133461,1.117671397285648,1.2618582316990006,-0.2159965226789988
1729144112.141446,1.2031411052603904,1.1370433188742637,-0.27135270407425582
1729144112.14947,1.2350540322487134,0.94679236452321081,-0.35628775537904683
1729144112.157448,1.2216364987398618,0.72494220636268514,-0.44939210224666259
1729144112.165446,1.1878317299160979,0.53010705255437518,-0.53143464914714689
1729144112.173515,1.135834959042918,0.3761709249221924,-0.63067875950922625
1729144112.181586,1.071220226694241,0.28849183901896513,-0.76195400108282618
1729144112.191214,0.99264936653833458,0.24312111852188326,-0.95693253280612067
1729144112.197566,0.90996173031271099,0.18822883222860209,-1.1558649886715384
1729144112.205614,0.8320407594901118,0.097399612093797092,-1.2326554560445859
1729144112.213573,0.74931736680301064,-0.023079879513700802,-1.2082780312964485
1729144112.22148,0.67669606787180026,-0.14666322688437433,-1.1638532721452237
1729144112.229434,0.61652137611605484,-0.27487587311245648,-1.1342185862242546
1729144112.237497,0.57296698498702203,-0.41586981509934151,-1.1211203653477553
1729144112.245428,0.55513530650811194,-0.55580588828153665,-1.0666483710917634
1729144112.253429,0.52719585193155349,-0.67424842716927835,-0.89433883437862194
1729144112.261457,0.4716943835925736,-0.74531395050192328,-0.66899290974186498
1729144112.269478,0.4064667479795333,-0.69770697147155958,-0.45205286315910076
1729144112.277699,0.35647507004442736,-0.55676060782736503,-0.22993978193364339
1729144112.285571,0.34861594647938943,-0.5162517110021686,0.045082857268487576
1729144112.293576,0.37306024155051581,-0.61539649073103986,0.34865855579565741
1729144112.301529,0.3992204502526665,-0.71170554888482829,0.57486289627327958
1729144112.30954,0.36383376809851309,-0.74480096021230358,0.63608973980399741
1729144112.317475,0.24213890430098164,-0.71612954000211704,0.52362147937998604
1729144112.325447,0.0009744117449602685,-0.43712730007685585,0.35227214812884344
1729144112.333701,-0.30250667671399034,0.091897751090296742,0.29926828656921556
1729144112.341436,-0.52312028035167457,0.51126555151074482,0.34132319529710131
1729144112.34945,-0.68677666205174437,0.63645628350879035,0.21905453423723886
1729144112.357436,-0.84201295930769859,0.58407654929973929,-0.049272710548289106
1729144112.36547,-0.94537129913635987,0.47006483685067446,-0.32477968395289236
1729144112.373512,-0.97396963320878704,0.34908508679067468,-0.53541985954136062
1729144112.381525,-0.93344763032413813,0.23009702005531335,-0.58326414855469677
1729144112.390829,-0.85869015631009804,0.096340586009908899,-0.53066392022345044
1729144112.397511,-0.81255860171728789,0.0062958541690395029,-0.48995144690326903
1729144112.405551,-0.81318805804882688,0.0095243283311611231,-0.45701016168191955
1729144112.413544,-0.8429383460886305,0.08574432855355861,-0.41212967692284996
1729144112.421591,-0.8854785424773105,0.21959417140963766,-0.3302873681388061
1729144112.429571,-0.91227973049490452,0.37078147235671338,-0.21583855843395799
1729144112.43751,-0.92133655729133745,0.48703525661268066,-0.12588476953794753
1729144112.44545,-0.95848456294811857,0.64298976461232238,-0.062334469817445531
1729144112.453451,-1.0148285712591498,0.83830239410153307,-0.0020684067891186871
1729144112.461482,-1.042249625323838,0.99380207732664227,0.075596012020425499
1729144112.469511,-1.0093222106330553,1.0500668519145111,0.21818777216584015
1729144112.477535,-0.94039855971972108,0.99485649382166774,0.41250663895663803
1729144112.485525,-0.87690848597569482,0.79741391524161753,0.63105072875127333
1729144112.493516,-0.82114830417860474,0.51101363884681583,0.82922336730832447
1729144112.50152,-0.74682594919999568,0.24254182905805377,0.97153990382296684
1729144112.509524,-0.6207128894428513,-0.027092222488021546,1.1173778144593607
1729144112.518056,-0.47182636301709513,-0.26656108963248754,1.2766093361975495
1729144112.525556,-0.3252391338949982,-0.45749400674145263,1.3974768078974535
1729144112.533578,-0.19812331076723314,-0.61845397370619315,1.4529696884589147
1729144112.541553,-0.12057674670618801,-0.75738611500050945,1.4571056475856423
1729144112.549509,-0.06936621759347858,-0.86628680346482123,1.3908382781355606
1729144112.557469,-0.023527902943950796,-0.93673549728095273,1.2531691423292444
1729144112.565482,0.013340267197930562,-0.98028178375501773,1.0694662712482221
1729144112.573534,0.044400660573762046,-1.0017269649633742,0.87942766207547785
1729144112.581584,0.077510358688970007,-1.0367299568844137,0.71985565999539392
1729144112.590345,0.11099825952487979,-1.1217981062870734,0.57749939701725106
1729144112.597556,0.12023590345914387,-1.2309456893182364,0.46228733492802326
1729144112.606361,0.10342976159294565,-1.3453885962050678,0.3546351471121727
1729144112.613569,0.096751596964922956,-1.4804619899252436,0.23598119661698433
1729144112.62159,0.10892092052366655,-1.6877231293808415,0.11860145465124089
1729144112.629564,0.13090882177935279,-1.8659296058291472,-0.0069532534875382732
1729144112.63752,0.18773479383262276,-1.853660274488762,-0.15082217826619285
1729144112.645457,0.28078845057707613,-1.6257912238471983,-0.35356976494325126
1729144112.653454,0.34853996634468498,-1.2996377161116559,-0.57866100188476
1729144112.661485,0.40238726771057332,-0.87300875312717852,-0.64794662955378135
1729144112.671685,0.46555817798610366,-0.27903346653563887,-0.51072818034114098
1729144112.677543,0.49281847261487099,0.27040214829231624,-0.36177661619474866
1729144112.685564,0.5051305938082421,0.62283793547730792,-0.36073636546028487
1729144112.693519,0.53933634039637268,0.79811575256403022,-0.42290149908525621
1729144112.702237,0.59434068332767565,0.89391726146389883,-0.39528284488727927
1729144112.709529,0.68140592689213553,0.99354148288856114,-0.26441387086593759
1729144112.717532,0.78345081022186913,1.0824757849535078,-0.1337454539240337
1729144112.725534,0.87873294513667177,1.1494584481592609,-0.082801412723192414
1729144112.733541,0.96676475554155061,1.2232775609382132,-0.097996669609856021
1729144112.741562,1.0553418069472886,1.2726773093431287,-0.15032136498025039
1729144112.749493,1.1248771051570197,1.2122837103868584,-0.20768327595167096
1729144112.757503,1.1506349067780322,1.0864397930753387,-0.25657388462423236
1729144112.765454,1.1601299268901712,0.96921581666514789,-0.3352882969573649
1729144112.7735,1.1639113336808755,0.84077473742946596,-0.43828234240877056
1729144112.781579,1.124462551732019,0.64323980249430179,-0.57031762982084921
1729144112.79328,1.0254461416839253,0.38594388149658099,-0.73339974437611666
1729144112.797539,0.91814616374059066,0.16111462372598234,-0.84955368575214441
1729144112.805527,0.83673857451610856,-0.064880604089251587,-0.8517741758360291
1729144112.813524,0.77363340392244129,-0.31137000178925117,-0.77286389330076677
