timestamp,log_level,message
2024-10-17 12:28:50,INFO,Waiting for sensor data...
2024-10-17 12:28:50,INFO,"Calculated Dynamic CoM: x=-0.793320705933, y=-0.981648630735, z=26.1297215871"
2024-10-17 12:28:50,INFO,"Projected CoM on the ground: x=-0.793320705933, y=-0.981648630735"
2024-10-17 12:28:50,INFO,"Calculated Dynamic ZMP: x=-77.1051519673, y=-76.6167242124"
2024-10-17 12:28:50,INFO,"Calculated Dynamic CoM: x=-1.05675052218, y=-0.98784288798, z=26.1126483973"
2024-10-17 12:28:50,INFO,"Projected CoM on the ground: x=-1.05675052218, y=-0.98784288798"
2024-10-17 12:28:50,INFO,"Calculated Dynamic ZMP: x=-70.5913974266, y=-26.2687991762"
2024-10-17 12:28:50,INFO,"Calculated Dynamic CoM: x=-0.0838582552639, y=-0.99989991911, z=26.1256307594"
2024-10-17 12:28:50,INFO,"Projected CoM on the ground: x=-0.0838582552639, y=-0.99989991911"
2024-10-17 12:28:50,INFO,"Calculated Dynamic ZMP: x=-1.13047910073, y=24.9949536163"
2024-10-17 12:28:50,INFO,"Calculated Dynamic CoM: x=0.71808922621, y=-1.02317264631, z=26.1065114194"
2024-10-17 12:28:50,INFO,"Projected CoM on the ground: x=0.71808922621, y=-1.02317264631"
2024-10-17 12:28:50,INFO,"Calculated Dynamic ZMP: x=-24.3280529747, y=21.8127662698"
2024-10-17 12:28:50,INFO,"Calculated Dynamic CoM: x=1.52632914267, y=-1.04548948749, z=26.0639689256"
2024-10-17 12:28:50,INFO,"Projected CoM on the ground: x=1.52632914267, y=-1.04548948749"
2024-10-17 12:28:50,INFO,"Calculated Dynamic ZMP: x=-45.4153922293, y=20.0687895155"
2024-10-17 12:28:51,INFO,"Calculated Dynamic CoM: x=2.45895140454, y=-1.06207031402, z=25.9868232328"
2024-10-17 12:28:51,INFO,"Projected CoM on the ground: x=2.45895140454, y=-1.06207031402"
2024-10-17 12:28:51,INFO,"Calculated Dynamic ZMP: x=-45.4502811087, y=10.7409304053"
2024-10-17 12:28:51,INFO,"Calculated Dynamic CoM: x=4.0678081797, y=-0.962493391471, z=25.7868069363"
2024-10-17 12:28:51,INFO,"Projected CoM on the ground: x=4.0678081797, y=-0.962493391471"
2024-10-17 12:28:51,INFO,"Calculated Dynamic ZMP: x=-132.279184476, y=-9.1809818127"
2024-10-17 12:28:51,INFO,"Calculated Dynamic CoM: x=5.00729909526, y=-1.06026830724, z=25.6163565345"
2024-10-17 12:28:51,INFO,"Projected CoM on the ground: x=5.00729909526, y=-1.06026830724"
2024-10-17 12:28:51,INFO,"Calculated Dynamic ZMP: x=-152.008125694, y=8.11954885944"
2024-10-17 12:28:51,INFO,"Calculated Dynamic CoM: x=3.18518823239, y=-1.05842472453, z=25.9030986057"
2024-10-17 12:28:51,INFO,"Projected CoM on the ground: x=3.18518823239, y=-1.05842472453"
2024-10-17 12:28:51,INFO,"Calculated Dynamic ZMP: x=-642.674574452, y=89.0159775582"
2024-10-17 12:28:51,INFO,"Calculated Dynamic CoM: x=2.87622871441, y=-1.03800659912, z=25.9368923948"
2024-10-17 12:28:51,INFO,"Projected CoM on the ground: x=2.87622871441, y=-1.03800659912"
2024-10-17 12:28:51,INFO,"Calculated Dynamic ZMP: x=-367.423481672, y=39.4556121457"
2024-10-17 12:28:51,INFO,"Calculated Dynamic CoM: x=3.24041429563, y=-1.04656437898, z=25.8906963028"
2024-10-17 12:28:51,INFO,"Projected CoM on the ground: x=3.24041429563, y=-1.04656437898"
2024-10-17 12:28:51,INFO,"Calculated Dynamic ZMP: x=-467.040307504, y=49.1395760542"
2024-10-17 12:28:51,INFO,"Calculated Dynamic CoM: x=3.23255059879, y=-1.01120426133, z=25.8906826672"
2024-10-17 12:28:51,INFO,"Projected CoM on the ground: x=3.23255059879, y=-1.01120426133"
2024-10-17 12:28:51,INFO,"Calculated Dynamic ZMP: x=-310.505242207, y=6.06130920529"
2024-10-17 12:28:51,INFO,"Calculated Dynamic CoM: x=3.36486028948, y=-1.0488447834, z=25.8709101062"
2024-10-17 12:28:51,INFO,"Projected CoM on the ground: x=3.36486028948, y=-1.0488447834"
2024-10-17 12:28:51,INFO,"Calculated Dynamic ZMP: x=-405.435568413, y=41.4867751089"
2024-10-17 12:28:51,INFO,"Calculated Dynamic CoM: x=3.26896607327, y=-1.06051636321, z=25.8822005082"
2024-10-17 12:28:51,INFO,"Projected CoM on the ground: x=3.26896607327, y=-1.06051636321"
2024-10-17 12:28:51,INFO,"Calculated Dynamic ZMP: x=-323.104081488, y=43.7504082349"
2024-10-17 12:28:51,INFO,"Calculated Dynamic CoM: x=3.13955575202, y=-1.06568129548, z=25.8995230572"
2024-10-17 12:28:51,INFO,"Projected CoM on the ground: x=3.13955575202, y=-1.06568129548"
2024-10-17 12:28:51,INFO,"Calculated Dynamic ZMP: x=-445.938325331, y=71.5276743086"
2024-10-17 12:28:52,INFO,"Calculated Dynamic CoM: x=3.01709361337, y=-1.03110630128, z=25.918527812"
2024-10-17 12:28:52,INFO,"Projected CoM on the ground: x=3.01709361337, y=-1.03110630128"
2024-10-17 12:28:52,INFO,"Calculated Dynamic ZMP: x=-470.055380007, y=37.1010329429"
2024-10-17 12:28:52,INFO,"Calculated Dynamic CoM: x=2.51829535097, y=-1.09307402561, z=25.9711204965"
2024-10-17 12:28:52,INFO,"Projected CoM on the ground: x=2.51829535097, y=-1.09307402561"
2024-10-17 12:28:52,INFO,"Calculated Dynamic ZMP: x=-582.558722949, y=205.664812957"
2024-10-17 12:28:52,INFO,"Calculated Dynamic CoM: x=6.94333882682, y=-0.945500661273, z=25.1525950253"
2024-10-17 12:28:52,INFO,"Projected CoM on the ground: x=6.94333882682, y=-0.945500661273"
2024-10-17 12:28:52,INFO,"Calculated Dynamic ZMP: x=-19.8163649987, y=-1.72394959966"
2024-10-17 12:28:52,INFO,"Calculated Dynamic CoM: x=2.1285696537, y=-0.502160282231, z=26.0145618051"
2024-10-17 12:28:52,INFO,"Projected CoM on the ground: x=2.1285696537, y=-0.502160282231"
2024-10-17 12:28:52,INFO,"Calculated Dynamic ZMP: x=8.59949627506, y=19.5500986114"
2024-10-17 12:28:52,INFO,"Calculated Dynamic CoM: x=4.41551047894, y=-0.267375913084, z=25.7480160312"
2024-10-17 12:28:52,INFO,"Projected CoM on the ground: x=4.41551047894, y=-0.267375913084"
2024-10-17 12:28:52,INFO,"Calculated Dynamic ZMP: x=-65.1744493982, y=-68.4376295985"
2024-10-17 12:28:52,INFO,"Calculated Dynamic CoM: x=3.37625081842, y=-1.16133301416, z=25.9008939856"
2024-10-17 12:28:52,INFO,"Projected CoM on the ground: x=3.37625081842, y=-1.16133301416"
2024-10-17 12:28:52,INFO,"Calculated Dynamic ZMP: x=149.316199876, y=-51.5849082411"
2024-10-17 12:28:52,INFO,"Calculated Dynamic CoM: x=-0.67707622924, y=-0.895106855789, z=26.1296262957"
2024-10-17 12:28:52,INFO,"Projected CoM on the ground: x=-0.67707622924, y=-0.895106855789"
2024-10-17 12:28:52,INFO,"Calculated Dynamic ZMP: x=-4.42950635341, y=-42.6243390771"
2024-10-17 12:28:52,INFO,"Calculated Dynamic CoM: x=3.49536842993, y=-1.55248340217, z=25.8527971427"
2024-10-17 12:28:52,INFO,"Projected CoM on the ground: x=3.49536842993, y=-1.55248340217"
2024-10-17 12:28:52,INFO,"Calculated Dynamic ZMP: x=-28.4387748169, y=31.7491417816"
2024-10-17 12:28:52,INFO,"Calculated Dynamic CoM: x=4.51399378236, y=-1.31196268055, z=25.6843265062"
2024-10-17 12:28:52,INFO,"Projected CoM on the ground: x=4.51399378236, y=-1.31196268055"
2024-10-17 12:28:52,INFO,"Calculated Dynamic ZMP: x=-20.2328944256, y=7.92953634479"
2024-10-17 12:28:52,INFO,"Calculated Dynamic CoM: x=-0.975495445984, y=-0.894995272456, z=26.0493467837"
2024-10-17 12:28:52,INFO,"Projected CoM on the ground: x=-0.975495445984, y=-0.894995272456"
2024-10-17 12:28:52,INFO,"Calculated Dynamic ZMP: x=3.6211883158, y=16.8654513327"
2024-10-17 12:28:53,INFO,"Calculated Dynamic CoM: x=2.77334862381, y=-0.477562307147, z=25.950023873"
2024-10-17 12:28:53,INFO,"Projected CoM on the ground: x=2.77334862381, y=-0.477562307147"
2024-10-17 12:28:53,INFO,"Calculated Dynamic ZMP: x=-11.7873922562, y=-27.2306719422"
2024-10-17 12:28:53,INFO,"Calculated Dynamic CoM: x=4.49945440952, y=-0.964150475123, z=25.7203509387"
2024-10-17 12:28:53,INFO,"Projected CoM on the ground: x=4.49945440952, y=-0.964150475123"
2024-10-17 12:28:53,INFO,"Calculated Dynamic ZMP: x=568.024848176, y=25.5937895746"
2024-10-17 12:28:53,INFO,"Calculated Dynamic CoM: x=-0.339375528758, y=-1.03222637591, z=26.1286400703"
2024-10-17 12:28:53,INFO,"Projected CoM on the ground: x=-0.339375528758, y=-1.03222637591"
2024-10-17 12:28:53,INFO,"Calculated Dynamic ZMP: x=-9.19784726777, y=54.0409965023"
2024-10-17 12:28:53,INFO,"Calculated Dynamic CoM: x=3.47391879749, y=-0.933674364738, z=25.894858218"
2024-10-17 12:28:53,INFO,"Projected CoM on the ground: x=3.47391879749, y=-0.933674364738"
2024-10-17 12:28:53,INFO,"Calculated Dynamic ZMP: x=-28.1665552385, y=-5.48725635198"
2024-10-17 12:28:53,INFO,"Calculated Dynamic CoM: x=5.45318940584, y=-1.54599476151, z=25.4942961865"
2024-10-17 12:28:53,INFO,"Projected CoM on the ground: x=5.45318940584, y=-1.54599476151"
2024-10-17 12:28:53,INFO,"Calculated Dynamic ZMP: x=-26.103813866, y=12.4300352914"
2024-10-17 12:28:53,INFO,"Calculated Dynamic CoM: x=-0.118197426317, y=-0.994888425912, z=26.0823689238"
2024-10-17 12:28:53,INFO,"Projected CoM on the ground: x=-0.118197426317, y=-0.994888425912"
2024-10-17 12:28:53,INFO,"Calculated Dynamic ZMP: x=-28.8306370694, y=1009.57242809"
2024-10-17 12:28:53,INFO,"Calculated Dynamic CoM: x=1.13823609541, y=-1.14465243284, z=26.0472261786"
2024-10-17 12:28:53,INFO,"Projected CoM on the ground: x=1.13823609541, y=-1.14465243284"
2024-10-17 12:28:53,INFO,"Calculated Dynamic ZMP: x=-5.36758295049, y=13.7033738012"
2024-10-17 12:28:53,INFO,"Calculated Dynamic CoM: x=4.26267104003, y=-1.10596438857, z=25.75862392"
2024-10-17 12:28:53,INFO,"Projected CoM on the ground: x=4.26267104003, y=-1.10596438857"
2024-10-17 12:28:53,INFO,"Calculated Dynamic ZMP: x=30.7940036663, y=-4.90988773766"
2024-10-17 12:28:53,INFO,"Calculated Dynamic CoM: x=1.12419352652, y=-0.969724780539, z=26.1259769975"
2024-10-17 12:28:53,INFO,"Projected CoM on the ground: x=1.12419352652, y=-0.969724780539"
2024-10-17 12:28:53,INFO,"Calculated Dynamic ZMP: x=26.9370049654, y=15.5555123459"
2024-10-17 12:28:53,INFO,"Calculated Dynamic CoM: x=3.21672418676, y=-0.939216470715, z=25.929503654"
2024-10-17 12:28:53,INFO,"Projected CoM on the ground: x=3.21672418676, y=-0.939216470715"
2024-10-17 12:28:53,INFO,"Calculated Dynamic ZMP: x=-36.5766227282, y=-7.07573759102"
2024-10-17 12:28:54,INFO,"Calculated Dynamic CoM: x=6.67509139876, y=-1.5815234417, z=25.1968636448"
2024-10-17 12:28:54,INFO,"Projected CoM on the ground: x=6.67509139876, y=-1.5815234417"
2024-10-17 12:28:54,INFO,"Calculated Dynamic ZMP: x=-64.7072478046, y=20.9172602156"
2024-10-17 12:28:54,INFO,"Calculated Dynamic CoM: x=-0.76387801462, y=-0.913104773351, z=26.0627307879"
2024-10-17 12:28:54,INFO,"Projected CoM on the ground: x=-0.76387801462, y=-0.913104773351"
2024-10-17 12:28:54,INFO,"Calculated Dynamic ZMP: x=2.37535622882, y=17.5180606428"
2024-10-17 12:28:54,INFO,"Calculated Dynamic CoM: x=-1.00583843675, y=-1.0122295197, z=26.0344597479"
2024-10-17 12:28:54,INFO,"Projected CoM on the ground: x=-1.00583843675, y=-1.0122295197"
2024-10-17 12:28:54,INFO,"Calculated Dynamic ZMP: x=4.4289178962, y=-2.57237245823"
2024-10-17 12:28:54,INFO,"Calculated Dynamic CoM: x=5.04840189386, y=-0.962062808143, z=25.6036635514"
2024-10-17 12:28:54,INFO,"Projected CoM on the ground: x=5.04840189386, y=-0.962062808143"
2024-10-17 12:28:54,INFO,"Calculated Dynamic ZMP: x=44.3307170563, y=0.585372312834"
2024-10-17 12:28:54,INFO,"Calculated Dynamic CoM: x=1.6116820642, y=-0.909776441567, z=26.0893836977"
2024-10-17 12:28:54,INFO,"Projected CoM on the ground: x=1.6116820642, y=-0.909776441567"
2024-10-17 12:28:54,INFO,"Calculated Dynamic ZMP: x=-5.14203182498, y=-7.14438239601"
2024-10-17 12:28:54,INFO,"Calculated Dynamic CoM: x=4.49888871328, y=-1.27251715921, z=25.7397112365"
2024-10-17 12:28:54,INFO,"Projected CoM on the ground: x=4.49888871328, y=-1.27251715921"
2024-10-17 12:28:54,INFO,"Calculated Dynamic ZMP: x=-93.7381731105, y=31.1501661414"
2024-10-17 12:28:54,INFO,"Calculated Dynamic CoM: x=5.49435241747, y=-1.54965005247, z=25.5048516212"
2024-10-17 12:28:54,INFO,"Projected CoM on the ground: x=5.49435241747, y=-1.54965005247"
2024-10-17 12:28:54,INFO,"Calculated Dynamic ZMP: x=275.998662938, y=-120.445904916"
2024-10-17 12:28:54,INFO,"Calculated Dynamic CoM: x=-2.6945127603, y=-0.711564682908, z=25.9584893016"
2024-10-17 12:28:54,INFO,"Projected CoM on the ground: x=-2.6945127603, y=-0.711564682908"
2024-10-17 12:28:54,INFO,"Calculated Dynamic ZMP: x=6.99551387971, y=10.2225968811"
2024-10-17 12:28:54,INFO,"Calculated Dynamic CoM: x=-0.78287383786, y=-1.00222260369, z=26.0525840825"
2024-10-17 12:28:54,INFO,"Projected CoM on the ground: x=-0.78287383786, y=-1.00222260369"
2024-10-17 12:28:54,INFO,"Calculated Dynamic ZMP: x=6.4379495093, y=-1.12960634471"
2024-10-17 12:28:54,INFO,"Calculated Dynamic CoM: x=5.73547837953, y=-0.518572421667, z=25.47892346"
2024-10-17 12:28:54,INFO,"Projected CoM on the ground: x=5.73547837953, y=-0.518572421667"
2024-10-17 12:28:54,INFO,"Calculated Dynamic ZMP: x=-322.357270471, y=-123.340568909"
2024-10-17 12:28:55,INFO,"Calculated Dynamic CoM: x=1.34469616184, y=-0.859219158411, z=26.1226966433"
2024-10-17 12:28:55,INFO,"Projected CoM on the ground: x=1.34469616184, y=-0.859219158411"
2024-10-17 12:28:55,INFO,"Calculated Dynamic ZMP: x=-3.12534302845, y=-10.5305382413"
2024-10-17 12:28:55,INFO,"Calculated Dynamic CoM: x=6.64872111054, y=-1.7283530348, z=25.2556121071"
2024-10-17 12:28:55,INFO,"Projected CoM on the ground: x=6.64872111054, y=-1.7283530348"
2024-10-17 12:28:55,INFO,"Calculated Dynamic ZMP: x=177.010205472, y=-69.0957043225"
2024-10-17 12:28:55,INFO,"Calculated Dynamic CoM: x=6.46115444498, y=-1.54716793799, z=25.2869473447"
2024-10-17 12:28:55,INFO,"Projected CoM on the ground: x=6.46115444498, y=-1.54716793799"
2024-10-17 12:28:55,INFO,"Calculated Dynamic ZMP: x=91.2070036525, y=-28.4598605688"
2024-10-17 12:28:55,INFO,"Calculated Dynamic CoM: x=2.82070740237, y=-1.12260843869, z=25.911448938"
2024-10-17 12:28:55,INFO,"Projected CoM on the ground: x=2.82070740237, y=-1.12260843869"
2024-10-17 12:28:55,INFO,"Calculated Dynamic ZMP: x=-5.80352676434, y=2.09157816939"
2024-10-17 12:28:55,INFO,"Calculated Dynamic CoM: x=-0.095570554648, y=-1.0151135385, z=26.0520018215"
2024-10-17 12:28:55,INFO,"Projected CoM on the ground: x=-0.095570554648, y=-1.0151135385"
2024-10-17 12:28:55,INFO,"Calculated Dynamic ZMP: x=4.00709926513, y=-96.3186591382"
2024-10-17 12:28:55,INFO,"Calculated Dynamic CoM: x=8.40283150924, y=-0.571654501283, z=24.7223634475"
2024-10-17 12:28:55,INFO,"Projected CoM on the ground: x=8.40283150924, y=-0.571654501283"
2024-10-17 12:28:55,INFO,"Calculated Dynamic ZMP: x=73.9844701416, y=9.27158720933"
2024-10-17 12:28:55,INFO,"Calculated Dynamic CoM: x=-0.605383474341, y=-1.02507913063, z=26.1372539947"
2024-10-17 12:28:55,INFO,"Projected CoM on the ground: x=-0.605383474341, y=-1.02507913063"
2024-10-17 12:28:55,INFO,"Calculated Dynamic ZMP: x=4.49003160366, y=-9.90588272951"
2024-10-17 12:28:55,INFO,"Calculated Dynamic CoM: x=-1.19805564497, y=-1.05502645354, z=26.1308172377"
2024-10-17 12:28:55,INFO,"Projected CoM on the ground: x=-1.19805564497, y=-1.05502645354"
2024-10-17 12:28:55,INFO,"Calculated Dynamic ZMP: x=-30.3492226655, y=27.6039911494"
2024-10-17 12:28:55,INFO,"Calculated Dynamic CoM: x=7.18167281264, y=-1.56465331342, z=25.0998725432"
2024-10-17 12:28:55,INFO,"Projected CoM on the ground: x=7.18167281264, y=-1.56465331342"
2024-10-17 12:28:55,INFO,"Calculated Dynamic ZMP: x=73.4364080452, y=-19.1053211654"
2024-10-17 12:28:55,INFO,"Calculated Dynamic CoM: x=3.56184012116, y=-1.37271099043, z=25.8049897277"
2024-10-17 12:28:55,INFO,"Projected CoM on the ground: x=3.56184012116, y=-1.37271099043"
2024-10-17 12:28:55,INFO,"Calculated Dynamic ZMP: x=-6.87228521494, y=5.92126494457"
2024-10-17 12:28:56,INFO,"Calculated Dynamic CoM: x=-0.529821957268, y=-1.05067942451, z=26.0357060623"
2024-10-17 12:28:56,INFO,"Projected CoM on the ground: x=-0.529821957268, y=-1.05067942451"
2024-10-17 12:28:56,INFO,"Calculated Dynamic ZMP: x=-6.50686211129, y=23.8126982017"
2024-10-17 12:28:56,INFO,"Calculated Dynamic CoM: x=12.4963060114, y=1.87058600804, z=22.8475529925"
2024-10-17 12:28:56,INFO,"Projected CoM on the ground: x=12.4963060114, y=1.87058600804"
2024-10-17 12:28:56,INFO,"Calculated Dynamic ZMP: x=-21.4702656769, y=-11.9674916181"
2024-10-17 12:28:56,INFO,"Calculated Dynamic CoM: x=-0.640803450307, y=-0.937341668627, z=26.1325679348"
2024-10-17 12:28:56,INFO,"Projected CoM on the ground: x=-0.640803450307, y=-0.937341668627"
2024-10-17 12:28:56,INFO,"Calculated Dynamic ZMP: x=-7.17569697121, y=-42.5646195375"
2024-10-17 12:28:56,INFO,"Calculated Dynamic CoM: x=1.38790712429, y=-1.33153760557, z=26.1060918044"
2024-10-17 12:28:56,INFO,"Projected CoM on the ground: x=1.38790712429, y=-1.33153760557"
2024-10-17 12:28:56,INFO,"Calculated Dynamic ZMP: x=-4.47300520311, y=17.7216057321"
2024-10-17 12:28:56,INFO,"Calculated Dynamic CoM: x=5.09088339346, y=-1.5628019187, z=25.5938238199"
2024-10-17 12:28:56,INFO,"Projected CoM on the ground: x=5.09088339346, y=-1.5628019187"
2024-10-17 12:28:56,INFO,"Calculated Dynamic ZMP: x=103.167434238, y=-52.7358979739"
2024-10-17 12:28:56,INFO,"Calculated Dynamic CoM: x=1.5113338805, y=-1.02762281461, z=26.0377924553"
2024-10-17 12:28:56,INFO,"Projected CoM on the ground: x=1.5113338805, y=-1.02762281461"
2024-10-17 12:28:56,INFO,"Calculated Dynamic ZMP: x=-6.8984749405, y=1.27257051604"
2024-10-17 12:28:56,INFO,"Calculated Dynamic CoM: x=-3.86719371324, y=-1.31574036746, z=25.7254323011"
2024-10-17 12:28:56,INFO,"Projected CoM on the ground: x=-3.86719371324, y=-1.31574036746"
2024-10-17 12:28:56,INFO,"Calculated Dynamic ZMP: x=-23.7364412671, y=9.25094958419"
2024-10-17 12:28:56,INFO,"Calculated Dynamic CoM: x=9.83668502828, y=1.49696025564, z=24.1150995075"
2024-10-17 12:28:56,INFO,"Projected CoM on the ground: x=9.83668502828, y=1.49696025564"
2024-10-17 12:28:56,INFO,"Calculated Dynamic ZMP: x=-35.7293742464, y=-25.9352679539"
2024-10-17 12:28:56,INFO,"Calculated Dynamic CoM: x=2.23544575053, y=-0.957272764956, z=26.0417346567"
2024-10-17 12:28:56,INFO,"Projected CoM on the ground: x=2.23544575053, y=-0.957272764956"
2024-10-17 12:28:56,INFO,"Calculated Dynamic ZMP: x=-13.7980217572, y=-4.59102255175"
2024-10-17 12:28:56,INFO,"Calculated Dynamic CoM: x=-1.35800744001, y=-0.884125351843, z=26.1368526964"
2024-10-17 12:28:56,INFO,"Projected CoM on the ground: x=-1.35800744001, y=-0.884125351843"
2024-10-17 12:28:56,INFO,"Calculated Dynamic ZMP: x=265.521933634, y=523.281694592"
2024-10-17 12:28:57,INFO,"Calculated Dynamic CoM: x=5.76082850571, y=-1.59239653372, z=25.4568763543"
2024-10-17 12:28:57,INFO,"Projected CoM on the ground: x=5.76082850571, y=-1.59239653372"
2024-10-17 12:28:57,INFO,"Calculated Dynamic ZMP: x=103.780263655, y=-43.7882188248"
2024-10-17 12:28:57,INFO,"Calculated Dynamic CoM: x=3.86098935972, y=-1.15156692487, z=25.8005583182"
2024-10-17 12:28:57,INFO,"Projected CoM on the ground: x=3.86098935972, y=-1.15156692487"
2024-10-17 12:28:57,INFO,"Calculated Dynamic ZMP: x=-18.9510018105, y=4.53795127709"
2024-10-17 12:28:57,INFO,"Calculated Dynamic CoM: x=-4.059257408, y=-0.982353278306, z=25.7217853778"
2024-10-17 12:28:57,INFO,"Projected CoM on the ground: x=-4.059257408, y=-0.982353278306"
2024-10-17 12:28:57,INFO,"Calculated Dynamic ZMP: x=-18.4013920997, y=-1.42923757995"
2024-10-17 12:28:57,INFO,"Calculated Dynamic CoM: x=9.21007970004, y=1.17629609229, z=24.3632798635"
2024-10-17 12:28:57,INFO,"Projected CoM on the ground: x=9.21007970004, y=1.17629609229"
2024-10-17 12:28:57,INFO,"Calculated Dynamic ZMP: x=-65.9827155457, y=-44.6423666617"
2024-10-17 12:28:57,INFO,"Calculated Dynamic CoM: x=5.16964003037, y=-0.839870006255, z=25.608017135"
2024-10-17 12:28:57,INFO,"Projected CoM on the ground: x=5.16964003037, y=-0.839870006255"
2024-10-17 12:28:57,INFO,"Calculated Dynamic ZMP: x=-91.8523422944, y=-15.7726264132"
2024-10-17 12:28:57,INFO,"Calculated Dynamic CoM: x=3.15736699995, y=-2.24579015872, z=25.8883740252"
2024-10-17 12:28:57,INFO,"Projected CoM on the ground: x=3.15736699995, y=-2.24579015872"
2024-10-17 12:28:57,INFO,"Calculated Dynamic ZMP: x=-26.6139589592, y=68.05126651"
2024-10-17 12:28:57,INFO,"Calculated Dynamic CoM: x=3.22611872103, y=-1.32596147029, z=25.9132312741"
2024-10-17 12:28:57,INFO,"Projected CoM on the ground: x=3.22611872103, y=-1.32596147029"
2024-10-17 12:28:57,INFO,"Calculated Dynamic ZMP: x=45.1797114439, y=-32.5652366066"
2024-10-17 12:28:57,INFO,"Calculated Dynamic CoM: x=2.78737489442, y=-1.02955861876, z=25.9342137483"
2024-10-17 12:28:57,INFO,"Projected CoM on the ground: x=2.78737489442, y=-1.02955861876"
2024-10-17 12:28:57,INFO,"Calculated Dynamic ZMP: x=-8.50761065051, y=-0.0214940157031"
2024-10-17 12:28:57,INFO,"Calculated Dynamic CoM: x=-2.50975324903, y=-1.44163094228, z=25.8967535864"
2024-10-17 12:28:57,INFO,"Projected CoM on the ground: x=-2.50975324903, y=-1.44163094228"
2024-10-17 12:28:57,INFO,"Calculated Dynamic ZMP: x=-13.2449188089, y=16.2297196428"
2024-10-17 12:28:57,INFO,"Calculated Dynamic CoM: x=7.27049460038, y=0.557917157106, z=25.0427915846"
2024-10-17 12:28:57,INFO,"Projected CoM on the ground: x=7.27049460038, y=0.557917157106"
2024-10-17 12:28:57,INFO,"Calculated Dynamic ZMP: x=485.49079027, y=349.224678964"
2024-10-17 12:28:58,INFO,"Calculated Dynamic CoM: x=4.89489855887, y=-1.25838369823, z=25.6291822585"
2024-10-17 12:28:58,INFO,"Projected CoM on the ground: x=4.89489855887, y=-1.25838369823"
2024-10-17 12:28:58,INFO,"Calculated Dynamic ZMP: x=-37.459031084, y=9.95459914576"
2024-10-17 12:28:58,INFO,"Calculated Dynamic CoM: x=1.16189194374, y=-1.18249177772, z=26.1245031493"
2024-10-17 12:28:58,INFO,"Projected CoM on the ground: x=1.16189194374, y=-1.18249177772"
2024-10-17 12:28:58,INFO,"Calculated Dynamic ZMP: x=7.82921551632, y=-19.1122340156"
2024-10-17 12:28:58,INFO,"Calculated Dynamic CoM: x=6.92942532969, y=-2.09143747302, z=25.1378078434"
2024-10-17 12:28:58,INFO,"Projected CoM on the ground: x=6.92942532969, y=-2.09143747302"
2024-10-17 12:28:58,INFO,"Calculated Dynamic ZMP: x=123.010765719, y=-63.8998837532"
2024-10-17 12:28:58,INFO,"Calculated Dynamic CoM: x=5.37461448842, y=-1.44210211735, z=25.5229265626"
2024-10-17 12:28:58,INFO,"Projected CoM on the ground: x=5.37461448842, y=-1.44210211735"
2024-10-17 12:28:58,INFO,"Calculated Dynamic ZMP: x=-17.1402663545, y=6.93305297335"
2024-10-17 12:28:58,INFO,"Calculated Dynamic CoM: x=-5.45888451817, y=-0.489379293978, z=25.4809653825"
2024-10-17 12:28:58,INFO,"Projected CoM on the ground: x=-5.45888451817, y=-0.489379293978"
2024-10-17 12:28:58,INFO,"Calculated Dynamic ZMP: x=-34.0892250418, y=-13.4660166142"
2024-10-17 12:28:58,INFO,"Calculated Dynamic CoM: x=6.42353661648, y=0.413397530734, z=25.2779489088"
2024-10-17 12:28:58,INFO,"Projected CoM on the ground: x=6.42353661648, y=0.413397530734"
2024-10-17 12:28:58,INFO,"Calculated Dynamic ZMP: x=4386.76706883, y=3759.21982367"
2024-10-17 12:28:58,INFO,"Calculated Dynamic CoM: x=6.10929959717, y=-1.12368102403, z=25.3878100085"
2024-10-17 12:28:58,INFO,"Projected CoM on the ground: x=6.10929959717, y=-1.12368102403"
2024-10-17 12:28:58,INFO,"Calculated Dynamic ZMP: x=-81.2187899611, y=5.975435282"
2024-10-17 12:28:58,INFO,"Calculated Dynamic CoM: x=1.97475998882, y=-1.28579468665, z=26.0687627507"
2024-10-17 12:28:58,INFO,"Projected CoM on the ground: x=1.97475998882, y=-1.28579468665"
2024-10-17 12:28:58,INFO,"Calculated Dynamic ZMP: x=8.79565031408, y=-12.3143233892"
2024-10-17 12:28:58,INFO,"Calculated Dynamic CoM: x=7.45742049675, y=-1.96941841254, z=24.9838806316"
2024-10-17 12:28:58,INFO,"Projected CoM on the ground: x=7.45742049675, y=-1.96941841254"
2024-10-17 12:28:58,INFO,"Calculated Dynamic ZMP: x=160.846997461, y=-65.1956001626"
2024-10-17 12:28:58,INFO,"Calculated Dynamic CoM: x=6.39084247569, y=-1.76487195455, z=25.2554128311"
2024-10-17 12:28:58,INFO,"Projected CoM on the ground: x=6.39084247569, y=-1.76487195455"
2024-10-17 12:28:58,INFO,"Calculated Dynamic ZMP: x=-9.46782228005, y=5.32161053769"
2024-10-17 12:28:59,INFO,"Calculated Dynamic CoM: x=-1.93195524511, y=-0.924057206423, z=25.9828304831"
2024-10-17 12:28:59,INFO,"Projected CoM on the ground: x=-1.93195524511, y=-0.924057206423"
2024-10-17 12:28:59,INFO,"Calculated Dynamic ZMP: x=-8.29517145956, y=-4.64408004513"
2024-10-17 12:28:59,INFO,"Calculated Dynamic CoM: x=7.23996279367, y=0.798213529813, z=25.0490818135"
2024-10-17 12:28:59,INFO,"Projected CoM on the ground: x=7.23996279367, y=0.798213529813"
2024-10-17 12:28:59,INFO,"Calculated Dynamic ZMP: x=-36.526027424, y=-36.0329945037"
2024-10-17 12:28:59,INFO,"Calculated Dynamic CoM: x=4.60966975112, y=-1.02494695236, z=25.6952669318"
2024-10-17 12:28:59,INFO,"Projected CoM on the ground: x=4.60966975112, y=-1.02494695236"
2024-10-17 12:28:59,INFO,"Calculated Dynamic ZMP: x=-124.617635482, y=2.51214586098"
2024-10-17 12:28:59,INFO,"Calculated Dynamic CoM: x=0.194252283427, y=-1.07313765455, z=26.1384960011"
2024-10-17 12:28:59,INFO,"Projected CoM on the ground: x=0.194252283427, y=-1.07313765455"
2024-10-17 12:28:59,INFO,"Calculated Dynamic ZMP: x=1.70288019406, y=-18.2730759535"
2024-10-17 12:28:59,INFO,"Calculated Dynamic CoM: x=7.56282625749, y=-2.02736158458, z=24.9384662603"
2024-10-17 12:28:59,INFO,"Projected CoM on the ground: x=7.56282625749, y=-2.02736158458"
2024-10-17 12:28:59,INFO,"Calculated Dynamic ZMP: x=-39.8668581427, y=18.0418492977"
2024-10-17 12:28:59,INFO,"Calculated Dynamic CoM: x=5.30143128059, y=-1.26416268207, z=25.5356181708"
2024-10-17 12:28:59,INFO,"Projected CoM on the ground: x=5.30143128059, y=-1.26416268207"
2024-10-17 12:28:59,INFO,"Calculated Dynamic ZMP: x=-11.5467760942, y=2.62387274626"
2024-10-17 12:28:59,INFO,"Calculated Dynamic CoM: x=-4.38835024349, y=-1.566230017, z=25.6597037484"
2024-10-17 12:28:59,INFO,"Projected CoM on the ground: x=-4.38835024349, y=-1.566230017"
2024-10-17 12:28:59,INFO,"Calculated Dynamic ZMP: x=-22.1255066668, y=11.2592656157"
2024-10-17 12:28:59,INFO,"Calculated Dynamic CoM: x=6.18715880184, y=0.0952717005985, z=25.3439198013"
2024-10-17 12:28:59,INFO,"Projected CoM on the ground: x=6.18715880184, y=0.0952717005985"
2024-10-17 12:28:59,INFO,"Calculated Dynamic ZMP: x=-155.662761261, y=-117.20799861"
2024-10-17 12:28:59,INFO,"Calculated Dynamic CoM: x=5.07919172204, y=-1.03397150306, z=25.6055059604"
2024-10-17 12:28:59,INFO,"Projected CoM on the ground: x=5.07919172204, y=-1.03397150306"
2024-10-17 12:28:59,INFO,"Calculated Dynamic ZMP: x=-163.084915412, y=4.22781316716"
2024-10-17 12:28:59,INFO,"Calculated Dynamic CoM: x=-0.321062351832, y=-1.01301829661, z=26.1268914846"
2024-10-17 12:28:59,INFO,"Projected CoM on the ground: x=-0.321062351832, y=-1.01301829661"
2024-10-17 12:28:59,INFO,"Calculated Dynamic ZMP: x=-1.85269407884, y=3.90247922915"
2024-10-17 12:29:00,INFO,"Calculated Dynamic CoM: x=4.69508723893, y=-1.46836672227, z=25.6648952196"
2024-10-17 12:29:00,INFO,"Projected CoM on the ground: x=4.69508723893, y=-1.46836672227"
2024-10-17 12:29:00,INFO,"Calculated Dynamic ZMP: x=-37.9161407002, y=27.6330899955"
2024-10-17 12:29:00,INFO,"Calculated Dynamic CoM: x=6.09552268759, y=-1.57494533179, z=25.3310240131"
2024-10-17 12:29:00,INFO,"Projected CoM on the ground: x=6.09552268759, y=-1.57494533179"
2024-10-17 12:29:00,INFO,"Calculated Dynamic ZMP: x=-14.8640067462, y=6.25247367468"
2024-10-17 12:29:00,INFO,"Calculated Dynamic CoM: x=-0.561083863208, y=-0.943682530025, z=26.0399472803"
2024-10-17 12:29:00,INFO,"Projected CoM on the ground: x=-0.561083863208, y=-0.943682530025"
2024-10-17 12:29:00,INFO,"Calculated Dynamic ZMP: x=-33.4851242793, y=-271.495384692"
2024-10-17 12:29:00,INFO,"Calculated Dynamic CoM: x=3.78821788514, y=-1.05557533098, z=25.7721619838"
2024-10-17 12:29:00,INFO,"Projected CoM on the ground: x=3.78821788514, y=-1.05557533098"
2024-10-17 12:29:00,INFO,"Calculated Dynamic ZMP: x=-21.6428470247, y=1.3300000936"
2024-10-17 12:29:00,INFO,"Calculated Dynamic CoM: x=5.65898889968, y=-0.505090899267, z=25.4796883778"
2024-10-17 12:29:00,INFO,"Projected CoM on the ground: x=5.65898889968, y=-0.505090899267"
2024-10-17 12:29:00,INFO,"Calculated Dynamic ZMP: x=181.142904498, y=68.8899011187"
2024-10-17 12:29:00,INFO,"Calculated Dynamic CoM: x=-1.16065758035, y=-0.881492450378, z=26.0994639347"
2024-10-17 12:29:00,INFO,"Projected CoM on the ground: x=-1.16065758035, y=-0.881492450378"
2024-10-17 12:29:00,INFO,"Calculated Dynamic ZMP: x=-6.98116004494, y=-17.7645290654"
2024-10-17 12:29:00,INFO,"Calculated Dynamic CoM: x=4.7201903222, y=-1.70200764095, z=25.6496744551"
2024-10-17 12:29:00,INFO,"Projected CoM on the ground: x=4.7201903222, y=-1.70200764095"
2024-10-17 12:29:00,INFO,"Calculated Dynamic ZMP: x=-42.6625665743, y=33.4146164983"
2024-10-17 12:29:00,INFO,"Calculated Dynamic CoM: x=5.39719065245, y=-1.58391752002, z=25.4895969638"
2024-10-17 12:29:00,INFO,"Projected CoM on the ground: x=5.39719065245, y=-1.58391752002"
2024-10-17 12:29:00,INFO,"Calculated Dynamic ZMP: x=-25.8217799417, y=13.4492831771"
2024-10-17 12:29:00,INFO,"Calculated Dynamic CoM: x=-0.84505572094, y=-0.991826192892, z=26.0410723951"
2024-10-17 12:29:00,INFO,"Projected CoM on the ground: x=-0.84505572094, y=-0.991826192892"
2024-10-17 12:29:00,INFO,"Calculated Dynamic ZMP: x=43.6346897673, y=17.5148654904"
2024-10-17 12:29:00,INFO,"Calculated Dynamic CoM: x=3.5875602656, y=-0.580998576342, z=25.8301626761"
2024-10-17 12:29:00,INFO,"Projected CoM on the ground: x=3.5875602656, y=-0.580998576342"
2024-10-17 12:29:00,INFO,"Calculated Dynamic ZMP: x=-35.8412543685, y=-34.2851391448"
2024-10-17 12:29:01,INFO,"Calculated Dynamic CoM: x=4.89172110268, y=-0.452887394533, z=25.6496686253"
2024-10-17 12:29:01,INFO,"Projected CoM on the ground: x=4.89172110268, y=-0.452887394533"
2024-10-17 12:29:01,INFO,"Calculated Dynamic ZMP: x=181.198899548, y=103.763106937"
2024-10-17 12:29:01,INFO,"Calculated Dynamic CoM: x=1.06192773956, y=-0.981337669295, z=26.0936024018"
2024-10-17 12:29:01,INFO,"Projected CoM on the ground: x=1.06192773956, y=-0.981337669295"
2024-10-17 12:29:01,INFO,"Calculated Dynamic ZMP: x=14.5496389936, y=5.10123339256"
2024-10-17 12:29:01,INFO,"Calculated Dynamic CoM: x=5.17259075485, y=-1.72925342394, z=25.5416755136"
2024-10-17 12:29:01,INFO,"Projected CoM on the ground: x=5.17259075485, y=-1.72925342394"
2024-10-17 12:29:01,INFO,"Calculated Dynamic ZMP: x=-446.000689242, y=289.059656481"
2024-10-17 12:29:01,INFO,"Calculated Dynamic CoM: x=5.168821505, y=-1.54062908279, z=25.5313321528"
2024-10-17 12:29:01,INFO,"Projected CoM on the ground: x=5.168821505, y=-1.54062908279"
2024-10-17 12:29:01,INFO,"Calculated Dynamic ZMP: x=-34.0339433335, y=17.5385299076"
2024-10-17 12:29:01,INFO,"Calculated Dynamic CoM: x=0.0228190783912, y=-1.01234550897, z=26.0693012007"
2024-10-17 12:29:01,INFO,"Projected CoM on the ground: x=0.0228190783912, y=-1.01234550897"
2024-10-17 12:29:01,INFO,"Calculated Dynamic ZMP: x=-1.83012169855, y=24.5479858492"
2024-10-17 12:29:01,INFO,"Calculated Dynamic CoM: x=2.53556266079, y=-0.95860444995, z=25.9503824045"
2024-10-17 12:29:01,INFO,"Projected CoM on the ground: x=2.53556266079, y=-0.95860444995"
2024-10-17 12:29:01,INFO,"Calculated Dynamic ZMP: x=-22.9671984259, y=-5.3069932096"
2024-10-17 12:29:01,INFO,"Calculated Dynamic CoM: x=3.69813277919, y=-0.939843085492, z=25.8396317911"
2024-10-17 12:29:01,INFO,"Projected CoM on the ground: x=3.69813277919, y=-0.939843085492"
2024-10-17 12:29:01,INFO,"Calculated Dynamic ZMP: x=30.5341200396, y=2.152891353"
2024-10-17 12:29:01,INFO,"Calculated Dynamic CoM: x=1.62594033746, y=-1.09524262219, z=26.0378370944"
2024-10-17 12:29:01,INFO,"Projected CoM on the ground: x=1.62594033746, y=-1.09524262219"
2024-10-17 12:29:01,INFO,"Calculated Dynamic ZMP: x=22.1282730578, y=-18.090542246"
2024-10-17 12:29:01,INFO,"Calculated Dynamic CoM: x=4.24478006336, y=-0.791088099213, z=25.7228706837"
2024-10-17 12:29:01,INFO,"Projected CoM on the ground: x=4.24478006336, y=-0.791088099213"
2024-10-17 12:29:01,INFO,"Calculated Dynamic ZMP: x=-58.1419914409, y=-19.4693973994"
2024-10-17 12:29:01,INFO,"Calculated Dynamic CoM: x=4.69217397103, y=-1.4025523715, z=25.6170865497"
2024-10-17 12:29:01,INFO,"Projected CoM on the ground: x=4.69217397103, y=-1.4025523715"
2024-10-17 12:29:01,INFO,"Calculated Dynamic ZMP: x=519.593692464, y=-229.36307257"
2024-10-17 12:29:02,INFO,"Calculated Dynamic CoM: x=3.65381055691, y=-1.32482786226, z=25.8157519552"
2024-10-17 12:29:02,INFO,"Projected CoM on the ground: x=3.65381055691, y=-1.32482786226"
2024-10-17 12:29:02,INFO,"Calculated Dynamic ZMP: x=-21.4181741938, y=13.3387120108"
2024-10-17 12:29:02,INFO,"Calculated Dynamic CoM: x=6.52860109174, y=-0.278666889031, z=25.2995171672"
2024-10-17 12:29:02,INFO,"Projected CoM on the ground: x=6.52860109174, y=-0.278666889031"
2024-10-17 12:29:02,INFO,"Calculated Dynamic ZMP: x=1237.63928439, y=528.267986179"
2024-10-17 12:29:02,INFO,"Calculated Dynamic CoM: x=2.92468653439, y=-0.33404752251, z=25.9705578007"
2024-10-17 12:29:02,INFO,"Projected CoM on the ground: x=2.92468653439, y=-0.33404752251"
2024-10-17 12:29:02,INFO,"Calculated Dynamic ZMP: x=203.529814942, y=422.198504591"
2024-10-17 12:29:02,INFO,"Calculated Dynamic CoM: x=2.5146768708, y=-1.20642337349, z=25.9606015243"
2024-10-17 12:29:02,INFO,"Projected CoM on the ground: x=2.5146768708, y=-1.20642337349"
2024-10-17 12:29:02,INFO,"Calculated Dynamic ZMP: x=26.3460920681, y=-19.574343239"
2024-10-17 12:29:02,INFO,"Calculated Dynamic CoM: x=-0.155408062996, y=-0.994572541829, z=26.0462414253"
2024-10-17 12:29:02,INFO,"Projected CoM on the ground: x=-0.155408062996, y=-0.994572541829"
2024-10-17 12:29:02,INFO,"Calculated Dynamic ZMP: x=-0.360701218711, y=-24.9833760748"
2024-10-17 12:29:02,INFO,"Calculated Dynamic CoM: x=3.84847078921, y=-1.52476163914, z=25.7370442801"
2024-10-17 12:29:02,INFO,"Projected CoM on the ground: x=3.84847078921, y=-1.52476163914"
2024-10-17 12:29:02,INFO,"Calculated Dynamic ZMP: x=-76.9419856896, y=65.5777102503"
2024-10-17 12:29:02,INFO,"Calculated Dynamic CoM: x=5.069480301, y=-1.11758664546, z=25.5803972428"
2024-10-17 12:29:02,INFO,"Projected CoM on the ground: x=5.069480301, y=-1.11758664546"
2024-10-17 12:29:02,INFO,"Calculated Dynamic ZMP: x=-15.4803829845, y=1.193586289"
